CryptoDozer,0xBd13e53255eF917DA7557db1B7D2d5C38a2EFe24
CryptoDozer,0x5f5b176553e51171826D1A62e540bC30422C7717
CryptoElements,0x67123aFd93DD99C2B7587eA506843bfD9485D95e
CryptoEmojis,0x3793ea257ad168ef1b4d0ed56464f9b0ab388c12
CryptoEmpirez,0xb5e0b11ecd4e033ebaf09399328b7f954bf34208
CryptoEmpirez,0xb5e0b11ecd4e033ebaf09399328b7f954bf34208
CryptoFighters,0x7192bb75777dab47ef6fbf6f6c0e4bcbb2294f38
CryptoFighters,0x87d598064c736dd0c712d329afcfaa0ccc1921a1
CryptoFighters,0x9106708eb08a6fca144bcb45f8bcd020f903c0f5
CryptoFights,0xd522471ab9f089884be55df4602b72e23c53edc2
CryptoFights,0x87fd975ff21c9d3966e6abb7fd8973b8b213a569
CryptoFlip Cars,0xc07E7C1aCC5C61A54E24B2aF564bdb1E256F72D5
CryptoFlip Cars,0x501f84a2ae444db15048ac0e56319553aedef87b
CryptoFlowers,0x8bc67d00253fd60b1afcce88b78820413139f4c6
CryptoFlowers,0x290d572f998f47084e2b6b49ccdf686561caa916
CryptoFollowers,0x422401A78d6Fb4727F96Cc435884Ecf5Ce16f527
CryptoFootie,0x5c432D5563004932D4207FB67dFda29135F195E6
CryptoGems,0x4ad6590fe12cea6dbf9eda1bd4f74f9a0292e585
CryptoGift,0xc67c43d45df2947d498699f5ad6352c5d4e08779
CryptoGift,0x5fD14c015369BbFE101918d64944e59F38fC89Da
CryptoGift,0x970e90db5bfd3e4dea453fb061e1146ee3e23df8
CryptoGift,0x9073A480DC66D4CAEa36A28A0e1713AF86bF14Bf
Cryptogirl,0xb71b092367b638b93bac3e0a2d5c7f411e9c89be
Cryptogirl,0x9471b60eee15951056f15fa8e4bce2500bbd903d
Cryptogirl,0xe5ae0e2237f80d1e0487b5b0409946664aafeea6
Cryptogirl,0xa17e695ffb62f546eaa7f33c66f41c8b1e028595
Cryptogirl,0xDF621E3d4940CEEcC2EBc0F9ACf44981d47f2403
Cryptogirl,0x57cbf2f0ebb459f4887da26929d4f929e822b541
Cryptogirl,0xe5e0097d844224086a9cfcc28d32b7d19bc2ae5e
Cryptogirl,0xddc4305a2a419a8bd11de68edeb5a0cfce8943ec
Cryptogirl,0x27d99A6d64e8fd38A47Fb87dF2d80867d6c1592c
Cryptogirl,0x92621b8f28d3bff3f959191409e9dd2f4a3c9d94
CryptoGit,0xb7321c1dae3931abf91f8f5d68e3aaa42f526acb
Cryptogol,0xbef1d5bffe34fd5076153ab715aeefce8d1e22bc
Cryptogol,0x38bf8e91fa451d42c7765855ffa97ac1fa0463c6
Cryptogol,0xc82e92f6e6478bf8fa95aa142daeb73e451c79af
Cryptogs,0x58f6b8d0a80e2c1a394d0c01445721c1b7df5139
Cryptogs,0x27400bb8b39ee1ac8392b0a2755af3f3a9e94fe7
Cryptogs,0xeFabE332D31c3982B76F8630a306C960169bD5b3
Cryptogs,0xc2e9a923a9bc9db5409d35ae30974c76b6e401f9
Cryptogs,0xe9df89e2e7df9064ce85a0099d731eabaf8dc860
Cryptogs,0x467b0c9560141f950c69eb771b20a6dc8dc115dd
Cryptogs,0x3B36735cA56Ac5dc91E60a1fCA2237295BAB0eFB
CryptoHamsters,0x764b6df377793c4153c35801e9269a0a7a42a3aa
CryptoHamsters,0xfe284ed01b17a1c7c1a038322c63cd35f2d4e5f3
CryptoHamsters,0x79965c7c71af875f790ebc2a4825d77a9dfbbacc
CryptoHamsters,0xe87ed24d247befe63249253f8bc2af3118369cd0
cryptohorse,0xB88924408A95917c75DE67fc9FbdC4Af992979c3
cryptohorse,0xB88924408A95917c75DE67fc9FbdC4Af992979c3
CryptoHorseShoe,0x8e43d7A5c4b2DE24B728dEFf0E666FE674B3cA91
Crypt-Oink,0x1a94fce7ef36Bc90959E206bA569a12AFBC91ca1
Crypt-Oink,0xa2156f24711a631e92e65dc114cf172065ddd49b
Crypt-Oink,0xcf20f1cc6efa9a05ae7eff8a0c6331f3680899cf
CryptoJackpot,0xE916a61F8c0094Eb08D173A1316b3a3D7115bc65
CryptoJackpot,0x5de6D95fcF667E79533B64b8652675f3AdAf4825
CryptoJackpot,0xE916a61F8c0094Eb08D173A1316b3a3D7115bc65
CryptoJackpot,0x5de6D95fcF667E79533B64b8652675f3AdAf4825
CryptoKaiju,0x102C527714AB7e652630cAc7a30Abb482B041Fd0
CryptoKitties,0xc7af99fe5513eb6710e6d5f44f9989da40f27f26
CryptoKitties,0x06012c8cf97bead5deae237070f9587f8e7a266d
CryptoKitties,0x57831a0c76ba6b4fdcbadd6cb48cb26e8fc15e93
CryptoKitties,0xb1690c08e213a35ed9bab7b318de14420fb57d8c
CryptoLandmarks,0x99474b0a565DD095555636D85803CdcA7276B931
CryptoLandmarks,0x99474b0a565DD095555636D85803CdcA7276B931
Cryptoleaders,0xE631C110CfD301b0FAA45A3D9fF597EE6E5ab756
Cryptolympic Torch,0x4970E5635fD9CBD51a9aBf7D708943F613b74d51
Cryptolympic Torch,0x4970E5635fD9CBD51a9aBf7D708943F613b74d51
CryptoMilitary,0xDCA726c80520e9ae4bF1786A1fce32538eE11e79
CryptoMiner World,0xc352f692f55def49f0b736ec1f7ca0f862eabd23
CryptoMiner World,0x18bf88690f50d5b358307bb8a062b164a1677436
CryptoMiner World,0x2906DA90D3f99D5913bB3461183682951ca7280c
CryptoMiner World,0x66d106B2aebF18693177e9FdF72D4088e52943cB
CryptoMiner World,0xe0123204873fd29a29aef3f99faf1b1c45fe3b1e
CryptoMiner World,0xE0A21044eEeB9efC340809E35DC0E9d82Dc87DD1
CryptoMiner World,0xa207d2496688134f538a307b25e174b267ba6765
CryptoMiner World,0xE49F05Fd6DEc46660221a1C1255FfE335bc7fa7a
CryptoMiner World,0x1F4f6625e92C4789dCe4B92886981D7b5f484750
CryptoMiner World,0xeae9d154da7a1cd05076db1b83233f3213a95e4f
CryptoMinerals,0xb3b1f75b8b6c3c0f941bff34241a102454832943
CryptoMines,0xe683c31d91d73Ae12770CC7082511846Ea66F8D6
CryptoMines,0xe683c31d91d73Ae12770CC7082511846Ea66F8D6
CryptoMiningWar,0xd67f271c2d3112d86d6991bfdfc8f9f27286bc4b
CryptoMiningWar,0x59a8b4400ebfd61d42d8aade332076c220f72d42
CryptoMiningWar,0xcb8361f6ea2c93a39ffd9e8357ed6ccd48331dea
CryptoMiningWar,0x69fd0e5d0a93bf8bac02c154d343a8e3709adabf
CryptoMiningWar,0x54e96d609b183196de657fc7380032a96f27f384
CryptoMiningWar,0xce3e12f5512fb3b42e1a8c9c1d5d8cb321dfb776
CryptoMiningWar,0xa2e6461e7a109ae070b9b064ca9448b301404784
CryptoMiningWar,0x6fa883afde9bc8d9bec0fc7bff25db3c71864402
CryptoMiningWar,0xf84c61bb982041c030b8580d1634f00fffb89059
CryptoMiningWar,0x5b813a2f4b58183d270975ab60700740af00a3c9
CryptoMotors,0x30a2fa3c93fb9f93d1efeffd350c6a6bb62ba000
CryptoMotors,0xdf14fd93849ca9a38cc1fd2d22104591af48356b
Cryptons Game,0xc86554bee96fdb3c85f85b576ed52d5e1eacc3a6
CryptoNumismat,0xE4e5388457A381EB608C09aa6E63330c9fF6fc09
CryptoNumismat,0x94A4C4C9ed8D3bE27b2606aB5FB5c35Ba7D87cEb
CryptoPennies,0x87b1aB9e4C8cd57d16D9C7f945BD5F2366351843
CryptoPepes,0xBC2AFc039d2BFa67d582aC181daB5BE17EC91f82
CryptoPepes,0xE2C43d2C6D6875c8F24855054d77B5664c7e810f
CryptoPepes,0x08014573FF457D8e08D6Fbf2813617Def4f28E54
CryptoPepes,0x28ae3DF366726D248c57b19fa36F6D9c228248BE
CryptoPepes,0xBb0eF9e617FADdf54B8D16e29046F72B4D3ec77F
CryptoPepes,0xD4dd63D658f603E9a0Aa381E103e05457Cd5E609
CryptoPepes,0x84ac94f17622241f313511b629e5e98f489ad6e4
CryptoPets,0x336737d7C738bEc8Cb6d7B50547e888F20BF93f8
CryptoPets,0x6B2813DC314C272Aa9209a2e813bAC2B349ec4D6
CryptoPhoenixes,0xfd640dbe512bfcee682898869c2ffb2d13e55dca
CryptoPhoenixes,0xfd640dbe512bfcee682898869c2ffb2d13e55dca
CryptoPioneers,0x6e8a8a0de641161b306cd548710c6175546faf76
CryptoPioneers,0xb0e3500f6e56fe36b1e14e59d9f9c871fff23cf7
CryptoPioneers,0x129f96168333e234b16739CFd407D5d97E1aACc1
CryptoPioneers,0x319cb37f69515cdd4f8298f7191af2decd8f48ee
CryptoPioneers,0x90ee4cc808c150e9f661f386f7be03a05e0a50c7
CryptoPioneers,0x6d225d3b813fd7ae8d4a2e8dab01d50d500fcd6f
CryptoPioneers,0x09c3E7EC33Bd3F4E05BE19E3a9DA99278Ed49974
CryptoPioneers,0xd0e4847359ae76c2786d242e5f45c4f6f1abd752
CryptoPioneers,0xc29e6dec882dcfee63ba57d28d7662a0668f78ac
CryptoPioneers,0x2efbd2c201dde3fbbe856b5ff0080489e10be1eb
CryptoPizza,0x117cb292E97a593FbcA38B5cd60EC7144D4Ca8C9
CryptoPizza,0x117cb292E97a593FbcA38B5cd60EC7144D4Ca8C9
Cryptopunks,0xb47e3cd837ddf8e4c57f05d70ab865de6e193bbb
CryptoRacing Club,0xccab5bcd99dabbfba5149132659aa1a677594a27
CryptoRacing Club,0xd6566062a24716213f0851e455fc52325f42a23d
CryptoRome,0x86e4dc25259ee2191cd8ae40e1865b9f0319646c
CryptoRome,0x66593d57B26Ed56Fd7881a016fcd0AF66636A9F0
CryptoRome,0x2e7570255ac8c449217fb15405fac01f5408d114
CryptoRome,0xe60d2325f996e197eedded8964227a0c6ca82d0f
CryptoRome,0xF0A0596690B06182343047c932B6bBb0647F8D30
CryptoRome,0x9012c8b9fccd553ae3fbdc25719af965669dad87
CryptoRome,0x2C1E693cCC537c8c98C73FaC0262CD7E18a3Ad60
CryptoRome,0x13c8a7817ab3E74C28F5ef0eb7D7a3bdB329c2A0
CryptoRome,0xE204C40b2775C13c5490C7A396B62bf33e67B71b
CryptoRome,0x55D722827C8E12504db5B4f3837bFf2F43C9F232
CryptoSaga,0x1b5242794288b45831ce069c9934a29b89af0197
CryptoSaga,0xabc7e6c01237e8eef355bba2bf925a730b714d5f
CryptoSaga,0x7e8a2e5876453ea41936c64678de81ae40522bb3
CryptoSaga,0x1f6f71e1e6a56dc348f1ec9a22b200ac44459fe4
CryptoSaga,0x4D3C07F06FC3dE2f3B807F8e242b91b71933a560
CryptoSaga,0x59bcded9c87ce46ec97c13640bfc0390ceb00e99
CryptoSaga,0x2dad7bc882ac14736bd167a220aa575e65a1a5b2
CryptoSaga,0x6a5309dc905e85ce88f33bcd4d4d9a03ac68f847
CryptoSaga,0xc00cc67677b7d54c6d5a4bc6e72ae4822d3e70fd
CryptoSaga,0x678b713730b6d5d9314d39c82662c08540916c75
CryptoSanta,0x437855B858723A4a026F767A88871fc870CDdD04
CryptoServal,0xd21065F1f5376Ba9CB151DAC3f4242A97630D735
CryptoServal,0x9A23E9215b31b380237F1D5844d0430fc42A9284
CryptoServal,0x3a1957a0b9755d78c77e301410b254b6147a400c
CryptoSoccr,0xc95c0910d39d1f6cd3bd71e4b689660c18172b7b
CryptoSoccr,0x95880c85fed94ab00ee819642b85adc03a1a59ac
CryptoSpin,0x8008292c480b1d23a4203d94468cc899759bc70e
CryptoSpin,0xf5a7eF9E461bBBfCfcf44B404e7F255Cbd28D428
CryptoStrikers,0x1236630e68054a1d77fd39c10356318da3ec2a21
CryptoStrikers,0xeb5405e21d07fa5e3b6644d0ae7f391b47f17e27
CryptoStrikers,0xdbc260a05f81629ffa062df3d1668a43133abba4
CryptoStrikers,0xdcaad9fd9a74144d226dbf94ce6162ca9f09ed7e
CryptoStrikers,0x11cb02e2a07a94542a367bff7ee847451a75fa37
CryptoTitties,0xb39d10435d7d0f2ea26a1c86c42be0fd8a94f59b
CryptoToons,0xaaa688ac2755cb6a27d123a0300bcf793c9ed019
CryptoToons,0x58e80f54c86b6df98814cc274893534c0f7785e8
CryptoToons,0x739039c187655590367f96158201c941a61d440a
CryptoToons,0xd4202b234c15255bf0511d3380e83bda9172a72b
CryptoToons,0x6338191071747abc74d7644d71b49c07289b1eff
CryptoTubers,0x21e578b253c73Ef7172F13B5C002c2F562521Ed5
Crypto-twitch,0x606a24Aa75860A817cb5f2db859158Ca4866EDAF
CryptoTwittos,0xa430b36de933fe79cbd1098c990b9cbc9786d9c6
CryptoTwittos,0xa4b9054417ee4f06453152a45ebeba7786c84c66
CryptoVideoGames,0xfb2397daa1851ba306cee0bcad859959f63aa4f3
Cryptovoxels,0x79986af15539de2db9a5086382daeda917a9cf0c
Cryptowager,0x301EB38a31890F83B9192d1e824B25d0f3A57ECA
Cryptowager,0x301EB38a31890F83B9192d1e824B25d0f3A57ECA
cryptower,0x6F46893139386b22f76A9AC1F47c5AAFBB6a2f62
crypto-youCollect,0xA97fF44CFf7101FaC76aF172F088f400F28cb4E9
crypto-youCollect,0xA97fF44CFf7101FaC76aF172F088f400F28cb4E9
Cubego,0x6b766ec6540ceba812d036f79b39a016010c4e6a
Cubego,0xb7544b42293b9ebaa0b90a3b3ca69bd35daab808
Cubego,0xb4824f467f0ba6a27283583c1f4e55d4b8b09292
Cubego,0xadcd0aa5c36b51f44dff660b5c728054eba803ef
Cubego,0x18307523c553e1b826c4bc63faec7fbddfc920e4
Cubego,0x9c390affdda728e09322f1c5d1c22bec63accdb9
Cubego,0x95daaab98046846bf4b2853e23cba236fa394a31
Cubego,0x62fa50d0b364e5254d7e85d5228bb2908dbd02ab
Cubego,0x904597a4628da87a7709a33dbedd09717e8f1eeb
Cubego,0x44d330f60cceee2adf6d238db329b9567adf5ce5
Cute Kitty Farm,0x67601d7a7cbbD77368785122c508503f168B1dAa
Cute Kitty Farm,0x67601d7a7cbbD77368785122c508503f168B1dAa
DAPCAR,0xBE3f29b523884068F6847CB9C8C7Ae885d9Cc8cf
DAPCAR,0xe2EF2F99b41009482c05D71154BBf183C2FdEce8
DAPCAR,0x422264a3Ea620De93998ad843fEE0C8F2aF409Cc
DAPCAR,0x21698D13c2DaF51D3ad8132b73E5e3A4cff7286B
ÐAppster,0x7F2B1d5133053F9CC5B750d2245dB607233A770d
ÐAppster,0x9e31EFD94f666f960297fC63C64E43E78aC6bE00
ÐAppster,0xd2eC0d3B9c3A479c0B7Ea96D294fC6edFC541277
Darkwinds,0x1f28211cd78363c7e0d44a90157017422599526c