ArcadeBlock,0x6dafa8edcd98ef30279a1c1a1010711fe36369ac
ETHBOX,0x674F169DDB2484D9112cd3d1703d4dc42Ab55C6b
Lottoken,0x33e5A65022Ad94c60Bc37E97c15207d64cd2Fd30
A21,0x5afD5DbC83194A007363f63C37C695051907C4D1
Infinite Stars,0x41cf8343769ea6ea600bde803bab23914e71db91
Ethorse,0x7334a4ea35be527639b5f52919963f12981ceeef
Pluto Commy Lotto,0x35dd78b60d5598ae258ec2ea6c610b35115eafe9
CryptoWorldCup,0x8fa5eea1900b958791d8d42e2b341fea9c33b843
Cryptolotto Official,0x82c453724bc9d746e61b164085f60752c595411b
Fortis,0x573e869cA9355299cDdb3a912D444F137ded397c
Lambo Lotto,0xB061021d6eC56942e6869EEDe86aF3Ca617dFD0c
VDice,0xe642b6f79041c60d8447679b3a499f18d8b03b81
Exorbux,0x0BC957a2Dca7A6549F94FcAb8Cc3A900aFdB1627
Crypto Wars,0x511724936C6F550BE63e940EBDD4800f095eA12c
The 30 days,0x05f170323f622d542b8c02baa7f719ae14d32c37
ToTheMoon,0x7e56bd368c751b4c4157f7200efbe8cbc5f5ec8c
Mega Billion Lottery,0xead62adc337633c50b8e2e829d4ec835678805a7
Arbenis,0x362e7b025d52efb08681d9b5e42fd25070cf2bed
GalaxyETH,0xb1dd53e2a7b01e49887b6b3ea538d54662c87d39
ETHGG,0x6da9c5eacf80bf864e34c0efb64d07dce8bb9593
BrickGame,0xcE650CB2aD12cB4CFf730a12524eD9402467A244
Cryptolotto Official,0x484ae89cb0b1a03c94dc78ed02999ef010c9f258
Stargate,0xA2a70aCD4C740878EA17c954960ffa5E73eeD182
Ethereum Lottery .io,0x40658db197bddeA6a51Cb576Fe975Ca488AB3693
In The Middle,0x3dce24888b1a1de64405859749c504f23a79821e
VDice,0x49fddeae0b521dab8d0c4b77e7161094f971320d
Interbet,0x0e0a86C97a07856D68BF3387AeB9430DbaB93245
ethlottery,0x2D04c7051112C47Ee74A41C723F791b499Aa6B1a
Ethorse,0xc183960d62A3db3e3eC9e85fA89Da9C2E8F313B1
Win-Bet,0xa314c6f885f43a5720a22932d8a479960f8ce71f
VDice,0xdd98b423dc61a756e1070de151b1485425505954
Chanceeth,0x042b6475E8e0B8B12D001E2eAFb036Bbea0C4e52
Principle World Cup,0x21958a82989a483be82fcf244c81b3e3d593c90c
DEurovision,0x99a4Bd0779C38826BF509E7D72D4D4f6639F87fD
Fairgrounds,0xcc3c51568f7897ec3682b3985f209a6e466d1bc4
Ethorse,0x798cf5e95f017431b7754900a30b7a6e8a14e1ae
Teen Patti,0xc0ffee9d5c668307c6d0493d2dec02bf8db17292
Luck100,0xa093E7943B942eb82f0a24eE3022aAF8217FE527
Ethorse,0x11a88e6521d0b0663c72ed575a3802af736a56c4
Bonfire,0x36a9b798ff1e113fe06a1e9ca2274e02c813a073
Ethorse,0xb2253c473adb96fa4a2652e85a7c7829d7eb3f19
Slotthereum,0xda8fe472e1beae12973fa48e9a1d9595f752fce0
VDice,0x1e2fbe6be9eb39fc894d38be976111f332172d83
ACEDICE,0xeA663d14bF15b201dC5E0c63F718caBe5D03a325
Burstbet,0x0f3cb624b4051cd34f6ebcfd7b8c3badb53f2913
Wall Street Market,0x51c46C33064A9d7171dbDbFc65c3BF2d2eF688A4
DigiPie,0x6e5e0320E21CB2f0082e3Ef21B5132Dc4d130Dd0
LandSecrets,0x6E6Cc46e812BCE4Dc33d237C82DAdD81999c78D5
Game of Blocks,0x2d04a81798ec74de48e09e3fd43cA41757d33E6A
LandSecrets,0x2AdA54ce8526B94d27A958cc4E5C2A0eFdd8070a
ETHGG,0xbbfdae4b3fafba81ac518121624d4501d5afeaba
DogRacing,0xA1F58F081C67dFd9ef93955C06877cBF357B5c56
win777,0x3394Ca8D927f67D6FDCEBE6DE6FA96014A993aFD
Rock Paper Scissors,0xa20d1b3d09934a59BB2EEd22CfEedc92fF8F130C
ethsoccer,0xbdD7Bec7C41e285CaDA82FebF42Fb26DA1883c3d
DEurovision,0x0bF0872390a94C15Aaa2865A2F9D8deC90b0Af6c
FairDAPP - Gaming Platform,0x26da117a72dbcb686c2fcf88c4bfc6110cae0464
The Ethereum Lottery,0x1e217adc6a6adc16e248af109ab7efa4d1bb252d
Wall Street Market,0x1822435De9B923A7a8C4Fbd2f6d0aa8f743d3010
PowerEther,0xe235E692Ee3Bc22c1C9B35Cd64317ea8c2Aef000
Lotto,0x58B79dFe37D3eD6b44582fb0C6591680C3d51DB8
Ruletka,0xEf02C45C5913629Dd12e7a9446455049775EEC32
win777,0x3201d51cfec86afb324f0095aefb3d5b0467784c
FairDAPP - Gaming Platform,0x7b128f082103c8f0da18fdde4db4fc34dd3a0a1c
Fortunes,0x6CF9af470571026bafc48D5Dd23B0521e9595394
CashCow,0x59DDfe4B465C5e057Bf1501690AF8EA3f565EFd0
World Cup 2018 Lottery,0xd9894dD6E8d4F823bD8bCd1e8a871a295B1cfb07
Bonfire,0x5a50911278f4d29122167f04d53ab1cde6e95102
Win-Bet,0x7671e6698d5adfae89abc1e29dfcecafce2062a3
Fortis,0x818189b1A0BA4f9e543DE04eb76669ec8354E122
GalaxyETH,0x559cd99b1eb1cd61224d9d2a9aec3f8634bfbef4
ETHGG,0x55b65bdbe29a1b2d29e28038b09075bac320d11d
Ethorse,0x8afaf6972ece54c92340e4fce75afa6a3a612961
SmartRaffle,0xcfd25467faeb9bcdb31aa51ed573428335108d18
Bonfire,0xae8175c9a40d82c8935fb7257a7c201a2e06c0ae
BURNUP,0xccfadbb9bd330452a7ea6e63787bed33e32d09fd
Rocky,0xeD253d6310beC1E4C11C3DFFeAfD60f64dfAe2df
Clash Hash,0xaE33185575973ee122793b5703273e502caEE424
Gladiethers,0xF3A7347cdE5928688A41b6B521a1eAd2999F9C34
Platypus,0x34837d9dd34008c0dd8edac6a9a4dcd42fbccc3e
ETHGG,0x1d1112a2b7ea8e75a2f2b121d6e7c0f958a11fa7
FomoSports,0xb440cF08BC2C78C33f3D29726d6c8ba5cBaA4B91
Win-Bet,0xdebdbd838e5f130117b86bb3e45df17e0cbe5343
Fortis,0x66388EC3DD48c9A9D26dD501e6c8ba27aeE420F0
megaballio,0x3fe2b3e8feb33ed523ce8f786c22cb6556f8a33f
Fortis,0x30699cA0288c96B5BD4f2B633b097889D59086d9
EtherDrop,0x81b1FF50D5Bca9150700e7265F7216e65C8936E6
ETH Raffle,0x2BFc8ADc407989bFC732bA5193d67A8ffC03F562
LifeSlot,0x9b812d7c25369531167aff8eded423ef173441be
GalaxyETH,0x6a21a83da9863d929a3d70c55bee2536fa48d544
EtherPoker,0x075c1a69a70a4a096fc73e30a96d4a74b74a3917
Rush Hour,0xcc4187d2aea21eae69dbbf09830988875a5bb2ed
DEurovision,0x99a4Bd0779C38826BF509E7D72D4D4f6639F87fD
Fortis,0x25Cf23787ac0f92A3EAFa61f458Ad0B7c4B27c3d
win777,0x43dc4aa237aef5b3046ac0456ea09d05f4342aa9
Bonfire,0x9df611d71701f92dc41bf8830a845314edbf96f5
LifeSlot,0xF16955DC0d318c33Fe7E140f1242fD4F1c0E8f5e
Pick 3,0xD8a5b0D3CB3B00113A0cD96856926Dc555D9e752
Ethorse,0x0463dd64773335f2bd58be24b8b13c45ef459a30
Mummy3D,0xd6647d2d40b1ee8ab766dec0822ec756985fc1b3
BigFish Roll,0x7e2743451B1F3D2849e44Cf67164bFe4538fD0f1
megaballio,0xb9e2b3d19bd4fdc46081841a5f29cbd66f01e503
SmartDice,0x02d1fc9b7A4f52844185F24AC1861EcFFB8A481a
Cryptolotto Official,0xc88a9e1c1ef77a1c9964ce9010734ad553c6f2f1
FomoSports,0x7a093232C5cda300d0dB956BAeF268A523Aa7C68
XYZethr,0xA63c2427E3d77d207027bE63DAA21EFB7112bc34
ETHjackpot,0x657f73Cb1877eb98DDD3381D825613336d8b8dbE
Life Lottery,0x5f90595055e61755d71c04612e9eceeac34fb789
Ethoccer,0xE9942AD46a7AC89c7DA03C09BA6217bD943ACC93
FairDAPP - Gaming Platform,0x26936b691450a838b6df4965b58f2c53a9139d29
All For 1,0x1c67ceba2f78e8af111279dc6d59fa5ef1707781
Need Feed,0x8d8f2a7dcebde1cbfca4e8e106f5fd61b4773a03
Fly ToThe Moon,0x0B588A1d41518991a94590a7884f52B8836df38d
LetsBet,0xc2A84aD61c66781aFB4789E6eFA649c63D7618f7
HEROcoin,0xedF97ABbA47bF8AD6C8dbd270619A72e01C8A28c
DoubleCoin,0x5faA9973F2Cea12cbb02e40b56161bf5A9c0f321
RockPaperScissors,0x1d77340D3819007BbfD7fdD37C22BD3b5c311350
Mizhen Game1,0x15F25672A318F193c9253752A3cE4961a45AE9D4
Lucky Miner,0xa88a3fc55c716f06c82e2f9c9e4ccdcaf969e371
Mega Billion Lottery,0xd3d83d66b90caa2849fbe20b80d4351eef33f4a8
Quick Lotto,0x601D99c441C1cB4327a34D971ca15d036b95d766
Slotthereum,0xa21bf47d08cc78e464f36ae21cdd01755f907718
Mizhen Boss,0x16d29707a5F507f9252Ae5b7fc5E86399725C663
Lothereum,0x638ad72af9c4de52d583eee2f99564ad8ff2ca92
Cryptolotto Official,0x96ee07c53fdeddda0f83642808b9a707744fd449
PowerEther,0xeEb19C5208c8fb5a01e76f6DDd19e78844659A59
CoinFlip,0xb4aFb4a1dF99C2333DDC57Ec33E57D26E87E78E4
Mr. Crypto,0xC918dFbC9ba56735A182aDE91d19190e1c533D8A
Ethorse,0xb99c13f65e70d7b173d3e4f8a6c011c22e3c5e0b
HotLot,0x46a19d32be761efcab0bef87c92ab3911f3fab86
EthRPS,0x5Df4BEa3540899a33C76C4d25108F4FE2cA89044
VDice,0xe8a51be86ad96447d45ddeddc55013f25157688c
LandSecrets,0xf653b706c88dAAcd20E6b6bD8726b1351dE4Ec16
Cryptorank,0xc9ee2c337c44d883f1743ba3ab03f6fbdc6225c2
TwitterHunt,0xe12d6474ac4964b9f23812bf3375c1fe637ad3b6
Rush Hour,0x96e39308c2e49f2f080d3723d9cd90b4596a6d75
Ether Las Vegas,0x9492e713775d54e9CC1C89a9703C470af41EBAb8
GORGONA Roulette,0x80406630DA2ECA06E293467f2b757049823Cd361
XYZethr,0xBec0703B212fAC29FF73F77600f2B1402d92b5f5
Play2Win,0x36505Dfe927f39327Ec0915AccC6Db479dc0401A
LandSecrets,0x3a326f61B2bE2AFA5FfD1cf21DaD9D0580f6a1c9
King of Poker,0x6b026AdB88f36C9E7fFAFA7206aAadc6255e34f0
Lottereum,0x052b9ad8e67086f203d4002457631fc4504a80d4
Moon Raffle,0x7f85edccb8fa6252d4d485e643a9485d361d7a1e
FairDAPP - Gaming Platform,0xFef5497BC53a69875E02AE5b14eEFF668f09A729
Fortis,0xE609c2d1748ef05fEA135F73Be1632f38F7829C9
CryptoConquest,0x475d623cb24d9bea0ac50324459bf6a0a07d68fa
Wagerwar,0x07829CcA2F215ceD7aA41e51921f6dD42c906190
Mizhen Game1,0x0bC146385d4A1b64bF214279D7B84784F1adE72b
Cryptolotto Official,0x335cd59a7196b41b11a786673d95eff8355abef7
Ethnite,0xddD4E38bd7569EDc3451b037e1b9650e3527e83e
Millionaire Makers,0xd20cdd05e39608755fdc35d5f007c3edf3ecc6e1
WinnerWinnerEtherDinner,0x6bba97fa60ed6339ca583b8b40c2fd0c12284c2f
JadeZ Games,0x1E1eb815dB3E66dD4Cc896A6BBF40099a5422886
VDice,0x83cfd2d33bb9ed552a1e4b6af1bc3ea73bdee4f0
FairDAPP - Gaming Platform,0xb8f93e49a3278bb92f643ca2491cf80bfa0a01b7
Game of Blocks,0xeab405fc0422cad3791118d513dd566aa9125205
7xxx Lottery,0xE8ABF2f63c88cA71506DB5d099513C16990ce207
TossCoin,0xfdF8de115951517d16FDaEdC088D2B67AED5b031
GalaxyETH,0x3cca1b00ba632784811a24ec4c3800fb9bffc52a
Sacrific3d,0x4fac33dabfd83d160717dfee4175d9caaa249ca5
7xxx Lottery,0x901E14f0d95d297bE38F556638eE3bC1533429fD
Paradise,0x2980bd7128AF03e0a99ae354d9bE81DBa22f8d6E
BigFish Roll,0xC7CaE8d313925B5a346DbcB942c7178D77a3c46C
Cryptolotto Official,0xef38893768960f9d7f9b20cc2cf63c7f6a113136
Fantasy Sports,0xAF13d6C47cFC920EF67070C3450DA659F2170342
Eth Dice,0xa415fd11c4e2af042411601a22c678d2868de705
Ethervote,0x4cea5f38a0ad5304ef045fcca5c040e701e80055
Sacrific3d,0x1B43f7543164eaD3DaC0393AAebAaF3b35c459C2
EthereumJackpot,0x957cf177fd2777f062b63bbf0661facf99c9391c
Crypto Jockey,0x25A48cEC6ACd04E36388f50dc69eB4E7d7ee0FbB
Ethereum Lottery,0x84C11db586E28544C64f31D8836f07703aF2e141
BrickGame,0x21d364b66d9065b5207124e2b1e49e4193e0a2ff
Buidl Today,0xCD9013B229Be3883526098A934E7D6f44e701801
ETHButton,0xc3424fe8fb83002b35f96c9618a15d06ddec0c68
EtherButton,0xf43bB6775C53Da565aFFf0F26f41caF484f2032F
BetMeUP,0x035B2Dd74a78f877616b4F265C0d36b98527467A
ETHGG,0xed6fd4acc53e539cb6adbe1639fb3e2565354c12
XPOT,0x0dFaF19a15Be6480b7831bA19e7Ed877d5DA40ee
King of Poker,0xe10d75d7801293C9FCe7727Dcf74E84051E740FF
VDice,0x4e646a576917a6a47d5b0896c3e207693870869d
Upsweep Network,0xA90249101da7CDf0bC01795b9609C37719075275
4OutOf5,0x93143D3E34A50AebAB466368C3455Fd858F77AD3
Roshambo,0x1340c21625cc5b3373af60b368a2ac57c385ba4c
4tune,0xb4f124b99eaaf7c1a81f27057462796d0302c1e3
FishvsFish,0x049a0b974add339d04565f6e407edfdd95218d3e
Crystal Ball MEX,0x0C05b119CD44C76A526c092B3F9c9F562B423E1f
ChainPrison,0xfb31b594d381814009bfcb78cacae396eccb7270
LandSecrets,0x5eb92394317d4B8dE97BFD18aa3e74E32589ea0C
SmartDice,0xcc88d8ea235eb37d427a7040674d751a689ba4bc
CryptoConquest,0xf441b73b0a196aa67d32aee230aab5e54eef4765
Cryptolotto Official,0x90296b63fc58512f388b085caad23e1c4845e11e
Lambo Lotto,0x269F611a3dc9c93bf391Ac98D55152e4a2D23e21
A21,0x99a650192e81772657c7dc047d2e18f67c758e94
Luck100,0x9dBB719bdDc0868ddf24Af7F7841c813c6d5E6D8
ArcadeBlock,0xd7928d2c4da170aadf233339f52a56d302b4a0e4
Infinite Stars,0xe7f648ad1f726a7f81cc7101a3c3b18a94a1c3a9
Millionaire Makers,0x20041df9e7359c2d04e22322d5fabd04783da436
ETHBowl,0xba1e1663316245463d82bc239a4461ba7befb741
Upsweep Network,0x0e60794d2322adc206f56973dfb0525db939d839
ToTheMoon,0x7b26fc24bdb49cbcb5256e8bc8809705ac223a8c
fluky,0xdca99fd685991953d9f329e8522569f43ac415f0
BlockBet,0x65dfcf0f4391be532421b7261398f70238abde75
VDice,0xc76e765aa9d5cc462c17f8860fed3cdab37adfe6
Roshambo,0xad01fab133e6b9a3308a68931f768ec86e1ad281
High-Stakes SmartRoulette,0xe4f53c8de2020de632b496290375a419b93f9dc2
The Button,0x2b0Ec0993a00b2Ea625e3b37Fcc74742f43a72Fe
King of the Ethill,0x14582A41e55827E8D408022E54E2a1251a14c56A
FairDAPP - Gaming Platform,0x53a39eeF083c4A91e36145176Cc9f52bE29B7288
ethlottery,0xe7FE07E428a1Fa4cDEBacD6f5dF8DD053966c4a8
Win-Bet,0x2a249a745f7b6f54ca2c591285312c44a11ed85d
WoSNetwork,0xBd6F647163f8842947d0A828F57550f11439FE61
Moon Raffle,0xc46A18640abaED0cE1dfc028e520BFa27a6250dd
lucky9 lottery,0x53c2C4Ee7E625d0E415288d6e4E3F38a1BCB2038
In The Middle,0x98d75b2c6d8d943cbe21306b4faa8a8163af66d0
XYZethr,0xC6BF1b866dFe81b6532198a6A0ACe884e7508008
ACEDICE,0x828381a9aC19E874c9345101A4C5A80aC5619a0B
DEurovision,0x99a4Bd0779C38826BF509E7D72D4D4f6639F87fD
Ethorse,0x7796925c94acf2c1167ca17d66cdb52e827bd1a0
Smartolution,0xe0ae35fe7df8b86ef08557b535b89bb6cb036c23
VDice,0x78f6a1d4b94d2e6c4ce3c5cc858b9dfb6e98b50f
FREECELL,0xa9fdf6d2232d6b2d95c9a0943de7a8b8cd81b9a7
ETHGG,0x39606A9d009cd4AB4CE39810D2bB9AF6D11ced77
Ethorse,0x2a1e528e7d0b487eeb7c64a4bf8d0cc787204b2b
Ethorse,0x7c2f2d290265cbbf82d375d48e881a8e6a7b5a53
Lucky You!,0xEDBE509e65F7425016265a049941311497c0099c
Cryptolotto Official,0xe77eb30c73465c322827fd7bb2e73542a2eb2c96
Called It,0x79E830D37021d0f90A90be326F500e812E3123FA
Unified Bet,0x7cd465D1F6A080A932e189DeDA1D4A31C5e5a89E
POMDA,0x0be5e8f107279cc2d9c3a537ed4ea669b45e443d
Cryptolotto Official,0x554bb05483601093bf2e60a3492f4e5438e0c6a7
Crypto Surprise,0xFc88A9f06F5Fe0dE2dAc95C5FADA7a8b3b3D610d
Ruletka,0x1fF00ed08E0d3fee71A8301927bB528c4AAafec4
8thereum,0x645f0c9695f2b970e623ae29538fdb1a67bd6b6e
ETHGG,0x03b33346b0c9349692fb78ab4092cb4e5da85a64
DSlot,0x17D0582dEe50A5401BB8F65ac29ec2da50c670Ea
1TWin,0xccfd7490d9f4a44d3664cdcf5e2721863c507e81
CryptoDice,0x1f03a2dec4aa3a491b5c27c5a3383aa484a152aa
Rainbow Lottery,0xab4C4D08bF849d81C947bD9dAc5eE37d5c1f7067
SmartDice,0x7Ed77F4DC8218DB41789d75889394BcB752dD532
Coin2Fun Lottery,0x6ec24a83b57a7a8f10f17fb65ececbfbf6de0f4c
Bonfire,0x7f587a142390b5f2aad6b04a7e61ccd46e215794
GuessEther,0xa4Bc6Cc6aC0887c7344d0636Cad955988EeFd18D
EtherHiLo,0xa1e70923902524faf901a3978f499908f689d114
ArcadeBlock,0xB23d949e7a25124bF763aeF56BAbEd5C7283A336
XYZethr,0x145bf25DC666239030934b28D34fD0dB7Cf1b583
FortunePandas,0x83d1654a9930cb28F91C62A4a41BB6F1c153153C
Lucky Miner,0xb861A223A527e264B31244E2A8448Ba4D99d3E31
Gainmers,0xa2F13a9D1641211aDe896CD0E0a3716f51533cdA
ETH Raffle,0x129802Cd955a49E6d3e884a8B716B2688f66E0E5
Burstbet,0x3717bb9c380e5f5c084332e572429106e3e28d5c
SoPoW,0x28B6BF339AFD2DcEeEebd6B218e798b08F38A2E9
FairDAPP - Gaming Platform,0xde2b11b71ad892ac3e47ce99d107788d65fe764e
Our Roulette,0x4d118f6eDcE9C4181F9F8d7fc457BcD4bF0FeA74
WHEEL of ETHER,0x927764Bb17Ce8B9F8C3a930cA4472d611EE93173
WHEEL of ETHER,0x77A0E8AcAEb7461a94ea9F5F4E01ae56fCD62647
Anti-Gravity,0xEc1a9079a05Fb503b414CFb4cb801AF2675dC9BC
Platypus,0x5b8ad60798ec10ad36e52625ff881801240c491a
Lottoken,0xB3698132Ac8192BEe35A012bB4BF0A9721d72aDb
megaballio,0x4de932646a09fb176b4aa03e1f0b245bcbac3a6a
VDice,0x7da90089a73edd14c75b0c827cb54f4248d47ecc
Charbetto,0xEa2FDf90Bc0cA29eEc91e1c952f83Ba2b0440807
Rainbow Lottery,0xfA36A927981eA080D85f311d83Ca8367d4aF1dDA
OriginBet,0x5085c5356129ee11bffb523e3166d7153ac13c75
IntuitionToETH,0x2fb66959dfb573eee9268a8532a631874302772d
FairDAPP - Gaming Platform,0x9701aE7556e0fCAC913c34BBe8F0BF1BFA0a7C20
JadeZ Games,0x867d5C0415Dd567989D729939783221E22789336
Rainbow Lottery,0x468a4d866B7A7B7fCF0c816357224cbf40d0241E
Burstbet,0x37f963320031020e02db39102e1764895e879977
ETHDFS,0x11fff3179f02075dfd045e2444fd2e3676461468
Roll100,0xb117e420C331cdCA76121A7C2d521d9C44931e10
Dice For Slice,0xB4Ba54acd73ebd1e47831BF3b51bFFb2042922a2
HEROcoin,0xba7aa524e276171149d698e2778925f828910d8f
Need Feed,0xd257ba04472038926b8c5a85122be3e486055692
Quasar X,0xAb577EaeD199D63af1aa8a03068D23C81fBa0619
Lottereum,0x5a2a454675c1b659caa58b5675ee759b992b84b1
xEther,0xfEE1F560e167CD3C55992C356E712d5Ee8c33D49
Find The Rabbit,0x2e9494387868eb9ec6997b711d655de82f53713f
FCK,0x0bE3e6E3d9E99036CcCE4fD0b692016DE860aA62
Playtowin,0x777777D1123591Df7F68E053bc182dE3cd4FA6DE
FCK,0x999999C60566e0a78DF17F71886333E1dACE0BAE
Kryptium,0x45dfb1d5ffc8316f4aee795a9813728a42bf167f
Kryptium,0x51c3f5075566900267c8dbc0ffd96b6f3a4ab719
0xgame,0xef26708EF221d748B6599f649bEa68AbC6AD4b57
Cryptocup,0x62678263b1c512ddaf153cc05105866ba4330a3a
DAO Casino,0x8aA33A7899FCC8eA5fBe6A608A109c3893A1B8b2
Etheroll,0xa52e014b3f5cc48287c2d483a3e026c32cc76e6d
Ninja Prediction,0x70ab487ec48b4b9571d346348da0f10737d48a54
FCK,0x989176eCE058b69C4598451b779978a443F220a9
PLinc,0x767b8c6Fb76dB2E2A547819ba7Afd2006d3DE6b2
EthexBet,0xba5373Bb3BB87699434588C8a2E320AF3b8994C2
DiceChain,0x2663C376f43dc624a744042873b414125e83953b
EtherDice,0xb7fC894F2B6764E114362d303E491709A85C01C2
Bank Heist 4D,0x2239df7104fD3f4a5e464E108506E76c47858a20
0xgame,0x01E001d1afFd5003C127cb6aEC612E78Aa0Fa02d
CRYPTO TYCOONS,0x075F0fa71550Ddb9d10bEDd55e717F80176b0481
SportCrypt,0xf2758b74cb92970bda4c1001d1a5b28f8acb04f7
Find The Rabbit,0x2e9494387868eb9ec6997b711d655de82f53713f
Dicether,0x7E0178E1720E8B3a52086a23187947f35b6F3FC4
Sweet Bet,0x7e9aedb5be0f88ecc068b0c0941af33f19e8f2e7
Play0x,0xc7579C0Bfea3DE0477A1750b3CEDB9572D1ac2fD
FunFair,0x509347488209f80dc1d97076591db92a023556ef
Fire Lotto,0x2020fE9fA0f43fDe44360AAe03138C4B6AB35055
EthCoinFlip,0x2e8ceb074915f8512cf142fd6142b3eccd18eb95
Fire Lotto,0x2734B99e2C62cA70fE753a0cbcD3a90930E1EEC9
Kryptium,0x9fdce7ca2281f099100e50f74759403eb4d2eb5d
0xgame,0x0EC6f68CbE885BB22D959E97eC4B0e9676ac1eaA
Ninja Prediction,0x0908100811b489d2f06f7328c34d1fd49dc2b303
EthCoinFlip,0x34896b081e2f79d75ff55b9a63cc00b74ebe1231
Ninja Prediction,0xbe9875778eb374cd515cff4201b45002408391e2
FCK,0x58eA969c48D5d12dAD1210d8482af7F69d53F6fE
Yesbit,0xA18496891A794A003Ab049Caa0D6F618D2E59030
dice2win,0xD1CEeeeee83F8bCF3BEDad437202b6154E9F5405
Win ETH Free,0xEf6da6E6E72e3381a1F97EA520d2844582d85eDb
Kryptium,0x62c7be4951811e245e9fd487dd8a4f227e6d9ec9
E2D Game,0x5666c4d481ccC798D4D7cAfE8a53820f71089e8b
EtherDice,0xda548e0AD6c88652FD21c38F46eDb58bE3a7B1dA
Sweet Bet,0x7d916724a14ede929aa308c2a3e18e9d05ba570a
Edgeless,0x0F81e92E206316E9e6d4D9C57F3921Ee60817900
Double Ether,0x9D1cBF4eF833340120e721E5028C326Ec1066c7e
Tomodice,0xd8f983d903bad3df5a3b641683cc63ce785cc714
Edgeless,0x4202B62990c763860FFaF5E4eE935b1459890E25
Find The Rabbit,0x152d57780ff1da6fa08e2c4bc4c739ea6f001e8c
Cryptocup,0x505999b17ca6c551B531Bb9Cc34BF57dC25830aA
0xgame,0xfC947d1096FbA2B4D2C0435Cc546792D374bAaf1
Dicether,0xc95d227a1cf92b6fd156265aa8a3ca7c7de0f28e
Goat Clash,0x44c8e29c60e87ae62e783705eec10d377b75c5e7
Kryptium,0xb71e82daaa71b772c97d10c59093c10bd7f98218
CRYPTO TYCOONS,0x2CE1Cb7F7B8aA04dc78CF1435192106bc4c394BF
Cryptocup,0xe78b5cdbf2de2233909b8eb00b38c30148dc9144
Playtowin,0x8a91277f3E044291BCf152FC33DE2b7A1565625E
Kryptium,0x55fb1fd92e56f10652ec548b1473902794a09d7e
CRYPTO TYCOONS,0x8027Add04029e6Bccd5eFe2109cD2Be7bD169Ba8
Cryptocup,0xb1ae5f2e3a91a7a25822abadaf667f73e747fcda
Edgeless,0x08711d3b02c8758f2fb3ab4e80228418a7f8e39c
FunFair,0x419d0d8bdd9af5e606ae2232ed285aff190e711b
Edgeless,0x15F08079310E2c9DacaA73c0e450368185724aEa
FCK,0xa3aC172EA2F3708EbAb4d70E4C449c53eBA9B106
All For One,0x49a6E5b6c0801D9775938A0201F85448cca11fCb
cryptodice2,0x3114b3312417b27A83bFD934764eeE363d1e9325
Orbit,0xb9130fb7df51971eecdd1f6b600012de1a839c4c
0xgame,0x68436bdaD62d1F22DaF7247eE5570E7a40E6aE58
Ninja Prediction,0xe7bbe7ddffd2b39fd46e4594de9914d1e057e8c8
Play0x,0x37B04116e8E6e77D985c7437E3503a752B0b0cdf
Dicether,0x35498d189a065e5390Fc413928E3F65eCB170c99
DreamPot,0xfa45a09e17056d352bfe7f75d5d2c9debeddaee5
Cryptocup,0xd314e5a98e5e223566f5b21ba237e1080322cab8
0xgame,0x971FFD582678046dE357f8056F9F4F5B61fa079F
Kryptium,0x5ed916f3e03d3df5aa1baa15193e30b32ea70ddb
Goat Clash,0x70491ade38d2cd8a869b19343dd5a06133c2a201
EtheRate,0xD076d68Cc7eFb6b54a303Bf3a1f01d8cf2d2A3b5
Good Luck Casino,0x05e7039c7afd77157845d9a4f1750b8ca93ec378
Sweet Bet,0x6d2b61eb73a67ce199ed479cad46a2a864c331b8
Dicether,0x9919D97e50397b7483E9EA61e027E4C4419c8171
0xgame,0x02b0C88963bA2D7156B2f530730BA95941F777D5
Hero bet,0x338D2d618f48Bf6F6917AFCD1fCfd3418bb0CAcc
EthexBet,0x4bEa2e03A4daf769dCda13322FEaC94eA3Eb0FC4
E25,0xc3ad35d351b33783f27777e2ee1a4b6f96e4ee34
Countdown3D,0xc735000293cb6790D8b9CC978F4dCce7018d8f7F
FunFair,0xd1b375d46072349ffc01ecb1b0e45c77b8ffd161
Kryptium,0x4fd3b7b2bf6943f3dcc58f354dbac7bc28d697e8
Cryptocup,0x054df44d9bf67e87e09de919086bf12633f6bcf5
1ETH,0x323a308C549eAedb79c52c5640f01f0CA3D3d0b7
Edgeless,0xfc44094c53832e8a3cea0e97600950c11f14fe5f
Cryptocup,0x9c12fce8c25432f5918e139952b19ba44c062d57
Möbius Russian Roulette,0xe367Fe584ADad878B9174ea4ddD8571878016811
SportCrypt,0x37304b0ab297f13f5520c523102797121182fb5b
Ninja Prediction,0xA8a6d153C3c3F5098eEc885E6c39437dE5cA74Fd
0xgame,0xB7cF3ce9C1AF0C92456E9ed94af9Aa0BfF208a6d
Cryptocup,0xc0c97c47b19e9097e72921c3066c0ec285fa9739
Dicether,0xbF8B9092e809DE87932B28ffaa00D520b04359aA
Kryptium,0x968eaad2cfd65e795ab1c7973acc35b7cfe99d4a
Yesbit,0xCbCcc4C9c8CB4DA95C417A1209c7eC7d2316fBC0
0xgame,0x62D4f38E2eA5859f69FCc7b13a2e52768dF337Bd
Play0x,0x60D8234a662651e586173c17Eb45Ca9833a7Aa6C
PiggyBank ETH,0x028460aCeE8af696B6fE5801cb39A712de11b61a
EtheRate,0x656db34fd512fb22ce16bbc621c58394ebb823c4
1ETH,0xf4aafBb5e9207Cee9c21AB652072a01b045F9939
Find The Rabbit,0x2e9494387868eb9ec6997b711d655de82f53713f
Edgeless,0xE93Fc171cC8F5422efA2362509F9997d4148C04D
FunFair,0x8f19f89675422fa420a56a3e20b2e8c8cb295c71
FunFair,0xfa415c918525501dd4ced89dc616fbb6cdc6b74c
EtheRate,0x7E227919a7Da551aF542e4574328eF4eeeE9398c
Playtowin,0x777777c3b5dde20e09fe40b37622ae2cd3b055b7
Edgeless,0x91f273b7a28f5169fd7b7995a54b767ca797bc63
0xgame,0x3B29e33ebB7B6396624Bd5cA861B1085aA623A5B
Play0x,0x3A966FFA8451CbF3769b7D1F94d5b47da254eDB0
Ninja Prediction,0xdcffac2b28e0d0c9640dc1570621caf88fa96656
Kryptium,0x47e437a8a1d35529814835a55e97dbce10bd522f
Fire Lotto,0x10C621008B210C3A5d0385e458B48af05BF4Ec88
PLinc,0xd5D10172e8D8B84AC83031c16fE093cba4c84FC6
Russian Roulette,0x0Ab2c9e20Aa31fd3a3728a86F2526CCA06A2B76D
MyEtherGames,0xF1c9eE019Ae6EfBaac06D3C08B1CbAA59B1EcB48
Yesbit,0xe61f5155ec8a9270ec3621f90ff99716002d3441
Game365,0xccEeD0b7185fBE7f69c083A6c0F6ff5910548D75
Kryptium,0x7cbb952a448672eb6ea3cc869cdcec6cf6163e29
FCK,0xd5293783865028f00a1Ab107d9cA0ada686Ca889
Edgeless,0x7Cf9d2dec6ec1147339237b5155Ce35820540dF8
Cryptocup,0x33c158f5aa02890c507c11b62adf47641d43d3ad
STIXEX,0x946BFF9eE4F2486d4f061a05bF6f7bC40703769a
Etheroulette,0x0F97c5939D1dd5f8d3520532CaEc7D82b269f293
1ETH,0x379eBb850cB30Cb5E50A351B6dA437a00eaAdc20
FairHouse,0x9F91b5Aa41b9fbDae6877593910586484d291F05
Dice sx,0xd1ce8888b962022365a660b17b4b6dcfa3c7ce7e
Win ETH Free,0x2ae9d68295F8B6c3A12eE5279271980830775F30
Fomo2Moon,0x8888887c5ede327afbeb15019598aaa3b4fae759
Sweet Bet,0x06c4502f7ab0e41534262d678a3c2c9c34dc1e96
Cryptocup,0x1805a6223fc8b4a832b026047524ec6659e7dc39
PLinc,0xdc827558062AA1cc0e2AB28146DA9eeAC38A06D1
