0xUniverse,0xf91d60c576fc809bea7a08d45ee3d6d77fbf5ff7
0xUniverse,0x28fbe46D43ae10F0aFe84e393368b891A3dE98ea
0xUniverse,0xa36a81e47d032cb5608175cf884d079ff7b2fb42
0xUniverse,0xe658e6eb4b478da2cf36d9e3712ba0c1b33786a1
0xUniverse,0x5937512b02555967a01d78b0994f53168a985ac4
0xUniverse,0x06a6a7af298129e3a2ab396c9c06f91d3c54aba8
0xUniverse,0x3401cab9bee49bcb76e13a8a09619e53d45c0af0
0xUniverse,0xe73480759efb6731d133b382ab8df02774e3a265
0xUniverse,0x8c461c8e8e5fd9adb34601e75ad6cb5b53db4544
520 G₲,0x9d76ea825f77bd31247fa4a4a6c42b4065b3677e
520 G₲,0xabef1776a0c6fbfa81c1c78a094b42c6e364542b
520 G₲,0x860137473ba178588fa90351a49eefc1a6821cf6
520 G₲,0xce01c9d27cef53cb43f35e283c60bb6ce6f2cd4b
à table !,0x5d77b850ba7c6218dbb4ff087ad25dee0baa638f
AddressWars - Public Beta,0x32e78bdc108565c3f3811a8dc00da797b6c96dfe
Amber Game,0xB66041c5AcCC99fCcCe8e4f06074ac52C9C556DD
Angel Battles,0xa5e1081aa9fc20b1aeaf965d1a5e47be02fad42b
Angel Battles,0xa6b1928c476f4c364fee901f4c571b3fa7083b2b
Angel Battles,0x6d2e76213615925c5fc436565b5ee788ee0e86dc
Angel Battles,0xE8cccEaC43CfBB62BE5B4e9971e4e26B83389ad0
Angel Battles,0x12e64adc8637af339592e8f673edfc307d16883c
Angel Battles,0xa0ed37d42396a5419fdb69cea34059174333d0ae
Angel Battles,0x466c44812835f57b736ef9f63582b8a6693a14d0
Angel Battles,0x8d28f9261cca02d5e53aa5f6552dfa2dc14df75a
Angel Battles,0x333b63f5c455f381bc2a13b1b8aa7da31fd1fc02
Angel Battles,0xb340686da996b8b3d486b4d27e38e38500a9e926
Astro Ledger,0xbed1804038651c47c3fda985fc1444db53e9a408
Astro Ledger,0x3428DeF93B01FcBD435B11F01E7CC6D69aa2dA25
Axie Infinity,0xf4985070ce32b6b1994329df787d1acc9a2dd9e2
Axie Infinity,0x8138df138b415a6f85f09a0995fec0ce3b454b5d
Axie Infinity,0x73d7b530d181ef957525c6fbe2ab8f28bf4f81cf
Axie Infinity,0xae8e74a21c25c22112749f7a9cd600d4b5cb2191
Axie Infinity,0xf5b0a3efb8e8e4c201e2a935f110eaaf3ffecb8d
Axie Infinity,0x60dbf8e1cac4e8d318a2c655d3136f9343ee386a
Axie Infinity,0xb28a3dd24036151c819c6d401f7a222d9aa3671b
Axie Infinity,0x3d5be9a472d6b5c8d45b4b3a3bffb80e0c52ef15
Axie Infinity,0x020f9e661e512132890d259dc363ed084cf4e5a6
Axie Infinity,0xf78dbc37a67018db6f823ec5090d7eedd5bab6fd
Banano Quest,0x822b22c36b07a116affaf294484697cff8a505e7
Banano Quest,0xcd4b7ed0c227fa259e8851fafed9bc88430eebab
Battle of Thermopylae,0x553B4546D26F383d4f4a056B7f50DaDFf07FB252
Beether Pro,0x54Ed3B83c3502649aB7A9f979A2311A38756231F
Beether Pro,0xAd7Ab09DBB115b940045Abe1038de31B1Ab7813F
Bether.me,0x68b228d29d7d11b77ea93dd00ca84a4b39d14c82
Bether.me,0x68b228d29d7d11b77ea93dd00ca84a4b39d14c82
BillionTix,0x096D7Ce60278E623C0B5763A0D04Fde844d2C537
BitGem,0x35aC488B773DAc506EE857895eE9DC34B250F313
BitPainting,0xb818acc3307fd45a461df55df75f3aa435682977
BitSoccer,0xeAc3Cf28cC9BF82915804325ef9E05Ac65de79e3
Block Stack Game,0x35B478c61B193dC063163049ec46Ce901c5d6d0c
"Block, Paper, Scissors",0xa2ab00af6db85de947c1f2130026da8363ed9e3a
Blockchain Cuties,0x27695E09149AdC738A978e9A678F99E4c39e9eb9
Blockchain Cuties,0x55e851ecb4a8ee090f7b097ba1804db94d90175e
Blockchain Cuties,0x047686fb287e7263a23873dea66b4501015a2226
Blockchain Cuties,0x9fa668f5e5572ea04db6eff1a62eb39ff7fb809e
Blockchain Cuties,0x4BcE8e7d095e2D161d2812a8742855708bb33843
Blockchain Cuties,0x90818f3cfd5a1692183785daf1cd20c95a86ba3e
Blockchain Cuties,0x13cb49bfbb653795c69846b0c139ad3ef8dcec47
Blockchain Cuties,0xaa4250216f77a79fd9983642a987f708f1fe7504
Blockchain Cuties,0x6d3bb0258ac173468604384a40a1df8697ef6761
Blockchain Cuties,0xd4dff41f22ebeb96dd9af679ce33606da31f01fd
Blockchain Pi Experiment,0x16FA8DF7F16f9E41B7C5522Cc12a22053A2a776F
Blockchain Pi Experiment,0x16FA8DF7F16f9E41B7C5522Cc12a22053A2a776F
Blockfight,0x3fcf16e7090fe013b5648d796908916b2290b6c6
Bullish - The Game,0xdfE3662F696af844ae9C578196f15Bce19aAFEe4
Bunny is game,0x35ea9df0b7e2e450b1d129a6f81276103b84f3dc
Bunny is game,0xbee61423ef891d33c1ef322338ef85c536898d80
Castle Buidl,0xC704cA8817Ce40b26C8c09dCcbaA820A1C27d7fA
Castle Buidl,0xC5BcA3b74F5ab61c2C8B4e47e1fef188Bb4a3dCa
Chainbreakers,0x0111ac7e9425c891f935c4ce54cf16db7c14b7db
ChainMonsters,0xF7f6c2836293A661bE2690FBaCaE97F3F027e9c4
ChainMonsters,0xfe53d681d34cf379782d25af69990f6a707d30d8
ChainMonsters,0x2A790479Cd47F686804FE570b903F3B6CF08599d
ChainMonsters,0x2205098d5bfde3588697d71145c8fb1c9ebaef86
ChainMonsters,0xb908cab7cfb2dd8af24ee7b1dabbb5d63a8d9f75
ChainMonsters,0x52d3ec187457a106d2ec546be4cb8a11d9be2527
ChainMonsters,0x52d3ec187457a106d2ec546be4cb8a11d9be2527
ChainMonsters,0x2205098d5bfde3588697d71145c8fb1c9ebaef86
ChainMonsters,0xF7f6c2836293A661bE2690FBaCaE97F3F027e9c4
ChainMonsters,0x2A790479Cd47F686804FE570b903F3B6CF08599d
ChainMonsters,0xb908cab7cfb2dd8af24ee7b1dabbb5d63a8d9f75
ChainMonsters,0xfe53d681d34cf379782d25af69990f6a707d30d8
Chibi Fighters,0xba94996e6d0abb4d43d0337cd9037ca6a5a5fd2b
Chibi Fighters,0x090ef763e44c0ee503e215ae4e2b302fb515d203
Chibi Fighters,0x85d78778a4c88841ef73cbec9729504b284f0b00
Chibi Fighters,0xe3d7de2f5b48f4b887e29530924f5edf35aae3b2
Chibi Fighters,0xD31A5AfCF4f2168d0e3A47685C85b2166EDf69d9
Chibi Fighters,0x361c2b14e996bf9f3227b48bf54b30379c75eb04
Chibi Fighters,0x85dd50bb40b7770564d35d71b0c6eaf3ec1d9603
Chibi Fighters,0x15af9dba2888004d6326a947c7d4e356e172a3c1
Chibi Fighters,0xe890a94bbd771434656274ea9e7147f5f6a713d5
Chibi Fighters,0xe531e705385ca4116cb8cf77db92be7bc1323080
CH-Racing Saddles,0xC43CD80936e12d5B6E6D9FE9C90F4a9549E76047
CityMayor,0x4bdde1e9fbaef2579dd63e2abbf0be445ab93f10
CivD.app,0x64f4becea4c15b750464f41eb36152793baa2d55
CivD.app,0x2763128f58baebe3db3600f4c949d7128dc930e8
CivD.app,0x66dd2e14f362a6e85d17d7447db34b75fd5c2d6d
CivD.app,0xf42474b9ee1d73e8b4c9a5991ca3cd77721d0882
CivD.app,0x12953603a903b4936027f490684038f785853134
CivD.app,0x3779d95588598e380a5ed6e6b8cb80dfc5cbf389
Clovers.network,0x55a65aaf9a5a0d23a8e2fbd4f727857f8c95a12c
CoinPledge,0x896F11b2628208e09BD5CFdD0C4f7C28C0349d61
colors,0xdcfbe1f893640f018065fdb820eb68b501f8ec2d
COPA 2018,0x211163A34fA7929B84bA47612Ca5549183A1AbBd
CryptantCrab,0x59771242ec23d2f98e56f7d27e8e425d47c8a10e
CryptantCrab,0xbf9ce4aae144b6793472161e2f74b2ddc8e5ddd3
CryptantCrab,0x5d5dda5f1c0b284f78a3ce04b4bb8ff5de77f52d
CryptantCrab,0x1BdFc9F510B371B72DE625f374E73a1F3e8D1cEc
CryptantCrab,0x2248bfa3babbf53fdc058167584a642d13eebfed
CryptantCrab,0x9f3bae9f55fcfcba77a3e07f3cb4ccd94cd762c7
CryptantCrab,0xecd6b4a2f82b0c9fb283a4a8a1ef5adf555f794b
CryptantCrab,0x4800ffc4f8baa08cb50f4dba1843f8a4eddb28e5
CryptantCrab,0xc58e24f5b05365aa21ded72111af939446d13b2e
CryptantCrab,0x94bb8ffbd1631041ceadc27bf0da9b4b0353f141
Cryptic Conjure,0xd70054fe7406d35a632d3ce52af75a3e59862660
Cryptic Conjure,0x69b47e2bc52fa28fef7bae5a89a0421126bd56c9
Crypto - RockPaperScissor,0x56d1d986d253652e92494140a096af68f9a00723
Crypto Against Humanity,0x107c9d25d9d626b51ef07df255ac0e4766850b56
Crypto Against Humanity,0xb2849e2b554c4a36a1d438642f5d1a8a18033c15
Crypto And Dragons,0x2118840b16aaf95a0f0027b7ac32f5986925d935
Crypto Anime,0x81EAF1fF62BB8ccaa5314287B14e75E04E21b8F2
Crypto Barons,0x943108bcdd1A2d5BaD75b31D0B421b8170fd1192
Crypto Barons,0x5ce82786D2e00748073f396A941D3E55C0A1B3D2
Crypto Battlegrounds,0x9DDa40DAbd849bBB087dcBcF0C5223ec5fFa0Ad7
Crypto Colors,0x94cac9b8a8e597e5a934b91c0e5a06fe863bde13
Crypto Cup,0x7deabd3ef57fbbc50efbabe406709923b61c7122
Crypto Cup,0xFEF1595DA2BBa952FE13003dcE7Ad32d991c6e2F
Crypto Family,0x4bd6b9807227ab4b96d733b0f6b3fee30d0cfdeb
Crypto Family,0x10d359fCcc99bd228823a4294330F9a3B2B76ff3
Crypto Lambos,0xe824055fefA7bEB658A8656D32cA48D658Cd6D3B
Crypto Lambos,0xe824055fefA7bEB658A8656D32cA48D658Cd6D3B
Crypto Mayor,0xDAE049562763D6A4236AF188a05f4f29603b41Cc
Crypto Mayor,0xDAE049562763D6A4236AF188a05f4f29603b41Cc
Crypto Memes,0x0d623823d2aa4540f335bb926447dc582dc5bd64
Crypto Memes,0x0d623823d2aa4540f335bb926447dc582dc5bd64
Crypto Poop Game,0xF856A08F1F6F53b21BBe6abcE5c15317ce9B8811
Crypto Poop Game,0xF856A08F1F6F53b21BBe6abcE5c15317ce9B8811
Crypto Sim,0xe0c0F5CE4e746eAA048Ae5db5c61B6b1eF3B56ed
Crypto Sprites,0xf3C8Ed6C721774C022c530E813a369dFe78a6E85
Crypto Sprites,0xf3C8Ed6C721774C022c530E813a369dFe78a6E85
Crypto Strippers,0x6ded330704d6b4734de6dc82b609765006dde197
Crypto Takeovers,0x5a95d990d7c3bd406781c3888c953c13971326ad
Crypto Waifus,0x22c294bbf61c3c60a5271d245ac8c620c438e0e4
Crypto Waifus,0x22c294bbf61c3c60a5271d245ac8c620c438e0e4
CryptoAlchemy,0x548d32216d01617452892ea360bfce9ce8dc9729
CryptoAlchemy,0xdcbf1d4067e5724e7b6fcba5dcd49c78b90ff97b
CryptoAlchemy,0x548d32216d01617452892ea360bfce9ce8dc9729
CryptoAlchemy,0xdcbf1d4067e5724e7b6fcba5dcd49c78b90ff97b
CryptoArte,0xbace7e22f06554339911a03b8e0ae28203da9598
CryptoArte,0x3f18b2e57acd6f6c111936577529ac0dce7148b8
CryptoAssault,0x31AF195dB332bc9203d758C74dF5A5C5e597cDb7
CryptoAssault,0x75D745EAeA0Ab0A8C9542959311C1C3166F6567D
CryptoAtoms,0x0b7bda8ad804cb3318ae8490b984c2883ada2154
CryptoAtoms,0xbdaed67214641b7eda3bf8d7431c3ae5fc46f466
CryptoAtoms,0x5314dD28dE3F215647B64CcB3701E6098A80d080
CryptoAtoms,0x9b3554E6FC4F81531F6D43b611258bd1058ef6D5
CryptoBeasties,0xffdf17652cca46eb98a214cb3e413c8661241e49
CryptoBots,0x95af0462af5100f02747aae56222deac537a4d0a
CryptoBots,0xf7a6e15dfd5cdd9ef12711bd757a9b6021abf643
CryptoBots,0xbe4dca67d318f572869ed8845fe1d3869f98ed43
CryptoBots,0x79a198b2355ca2aef695d8a4987582e093911ebb
CryptoBots,0x491c05896ef656d7fee0fb90ce487315ff0ac14c
CryptoBots: Idle,0x5271e16a1e2c237fbb99bc5dceae452d1c5a64cd
CryptoBots: Idle,0x2073ea9e55695a2c528b035813ca113540545184
CryptoBots: Idle,0xb33f17e0e3a339a769ec54e5a1104a3d51551de0
CryptoBots: Idle,0xf7f018de6efa79b04f04458412a09eecd43fdccb
CryptoBots: Idle,0xd6077754a0b57ab780e5be4c795f5ac9e08c0d6e
CryptoCanvas,0xe06ac2eba65F7184aAE3cA2A0Cb1cFdC604B765f
CryptoCare,0xDe870FD5DcAbc964C0c56DBf80Ccb1cCed5ad208
CryptoCare,0xe7049a081f67f1ff4bdbdbf4c48c547d24c48f41
CryptoChars,0x7EDA2301cb535e2EA8ea06237f6443b6268e2b2A
CryptoCities,0x2C063A26BAe823A7497Cb4bfD2b9dc5D4d124A16
CryptoCities,0x74De47fEe8F94235c6E76E0ac425511bCd2eF83f
CryptoCities,0x134c5dE7D7580a2d4a9375d3f70bDCC7dee1E098
CryptoCities,0x116d4396de572cacdb230ca34cb8e8449f50dda3
CryptoCities,0xd137ed189a8a3e9bf5541431c9b9ff1d4eb5c196
CryptoCities,0x53a66c4d213a088eb1d83bcf063e02205aa5215a
CryptoCocktailBar,0xFc9350C3487bACFCEF104c024Cc98cb0b2ADBDd0
CryptoCocktailBar,0xFc9350C3487bACFCEF104c024Cc98cb0b2ADBDd0
CryptoCountries,0xa4bec96265c7b58486acd15de27a53e2a45b30a2
CryptoCountries,0x92cb5f1fbabbcbdd891b9cbd8e9a056c8c1eebef
CryptoCountries,0x1c61d42efafe3c627998f2d53d897dbfd99d7ff9
CryptoCountries,0x3012d31fcc4b6a7fa03bb0af1fba9639f405edea
CryptoCovfefes,0x218d9C723464CD066345e004B282476a1995924B
CryptoCrystal,0x5116c1d70e3a2cf55a2502d05f1bc17a0518782e
CryptoCrystal,0xcec76159cb10f8c110e738809e4ee4b71f1de12e
CryptoCrystal,0xb6e928db347dbaad2c06868b716a2cf488904574
CryptoCrystal,0x443e8c4cd680865246bc96bc2af936381dbae178
CryptoCrystal,0xcfbc9103362aec4ce3089f155c2da2eea1cb7602
CryptoCrystal,0x17f19e0571997aa11b2143b0fad77b70385b9af8
CryptoCultures,0x76825880Cb019Be4E9a0C0CEc2843760709b9Dc0
CryptoDogz,0x542fFFa898F4c18fF2A519604977D9B7A41Da0Be
CryptoDozer,0xa506758544a71943b5e8728d2DF8EC9E72473a9A
CryptoDozer,0xBd13e53255eF917DA7557db1B7D2d5C38a2EFe24
CryptoDozer,0x5f5b176553e51171826D1A62e540bC30422C7717
CryptoElements,0x67123aFd93DD99C2B7587eA506843bfD9485D95e
CryptoEmojis,0x3793ea257ad168ef1b4d0ed56464f9b0ab388c12
CryptoEmpirez,0xb5e0b11ecd4e033ebaf09399328b7f954bf34208
CryptoEmpirez,0xb5e0b11ecd4e033ebaf09399328b7f954bf34208
CryptoFighters,0x7192bb75777dab47ef6fbf6f6c0e4bcbb2294f38
CryptoFighters,0x87d598064c736dd0c712d329afcfaa0ccc1921a1
CryptoFighters,0x9106708eb08a6fca144bcb45f8bcd020f903c0f5
CryptoFights,0xd522471ab9f089884be55df4602b72e23c53edc2
CryptoFights,0x87fd975ff21c9d3966e6abb7fd8973b8b213a569
CryptoFlip Cars,0xc07E7C1aCC5C61A54E24B2aF564bdb1E256F72D5
CryptoFlip Cars,0x501f84a2ae444db15048ac0e56319553aedef87b
CryptoFlowers,0x8bc67d00253fd60b1afcce88b78820413139f4c6
CryptoFlowers,0x290d572f998f47084e2b6b49ccdf686561caa916
CryptoFollowers,0x422401A78d6Fb4727F96Cc435884Ecf5Ce16f527
CryptoFootie,0x5c432D5563004932D4207FB67dFda29135F195E6
CryptoGems,0x4ad6590fe12cea6dbf9eda1bd4f74f9a0292e585
CryptoGift,0xc67c43d45df2947d498699f5ad6352c5d4e08779
CryptoGift,0x5fD14c015369BbFE101918d64944e59F38fC89Da
CryptoGift,0x970e90db5bfd3e4dea453fb061e1146ee3e23df8
CryptoGift,0x9073A480DC66D4CAEa36A28A0e1713AF86bF14Bf
Cryptogirl,0xb71b092367b638b93bac3e0a2d5c7f411e9c89be
Cryptogirl,0x9471b60eee15951056f15fa8e4bce2500bbd903d
Cryptogirl,0xe5ae0e2237f80d1e0487b5b0409946664aafeea6
Cryptogirl,0xa17e695ffb62f546eaa7f33c66f41c8b1e028595
Cryptogirl,0xDF621E3d4940CEEcC2EBc0F9ACf44981d47f2403
Cryptogirl,0x57cbf2f0ebb459f4887da26929d4f929e822b541
Cryptogirl,0xe5e0097d844224086a9cfcc28d32b7d19bc2ae5e
Cryptogirl,0xddc4305a2a419a8bd11de68edeb5a0cfce8943ec
Cryptogirl,0x27d99A6d64e8fd38A47Fb87dF2d80867d6c1592c
Cryptogirl,0x92621b8f28d3bff3f959191409e9dd2f4a3c9d94
CryptoGit,0xb7321c1dae3931abf91f8f5d68e3aaa42f526acb
Cryptogol,0xbef1d5bffe34fd5076153ab715aeefce8d1e22bc
Cryptogol,0x38bf8e91fa451d42c7765855ffa97ac1fa0463c6
Cryptogol,0xc82e92f6e6478bf8fa95aa142daeb73e451c79af
Cryptogs,0x58f6b8d0a80e2c1a394d0c01445721c1b7df5139
Cryptogs,0x27400bb8b39ee1ac8392b0a2755af3f3a9e94fe7
Cryptogs,0xeFabE332D31c3982B76F8630a306C960169bD5b3
Cryptogs,0xc2e9a923a9bc9db5409d35ae30974c76b6e401f9
Cryptogs,0xe9df89e2e7df9064ce85a0099d731eabaf8dc860
Cryptogs,0x467b0c9560141f950c69eb771b20a6dc8dc115dd
Cryptogs,0x3B36735cA56Ac5dc91E60a1fCA2237295BAB0eFB
CryptoHamsters,0x764b6df377793c4153c35801e9269a0a7a42a3aa
CryptoHamsters,0xfe284ed01b17a1c7c1a038322c63cd35f2d4e5f3
CryptoHamsters,0x79965c7c71af875f790ebc2a4825d77a9dfbbacc
CryptoHamsters,0xe87ed24d247befe63249253f8bc2af3118369cd0
cryptohorse,0xB88924408A95917c75DE67fc9FbdC4Af992979c3
cryptohorse,0xB88924408A95917c75DE67fc9FbdC4Af992979c3
CryptoHorseShoe,0x8e43d7A5c4b2DE24B728dEFf0E666FE674B3cA91
Crypt-Oink,0x1a94fce7ef36Bc90959E206bA569a12AFBC91ca1
Crypt-Oink,0xa2156f24711a631e92e65dc114cf172065ddd49b
Crypt-Oink,0xcf20f1cc6efa9a05ae7eff8a0c6331f3680899cf
CryptoJackpot,0xE916a61F8c0094Eb08D173A1316b3a3D7115bc65
CryptoJackpot,0x5de6D95fcF667E79533B64b8652675f3AdAf4825
CryptoJackpot,0xE916a61F8c0094Eb08D173A1316b3a3D7115bc65
CryptoJackpot,0x5de6D95fcF667E79533B64b8652675f3AdAf4825
CryptoKaiju,0x102C527714AB7e652630cAc7a30Abb482B041Fd0
CryptoKitties,0xc7af99fe5513eb6710e6d5f44f9989da40f27f26
CryptoKitties,0x06012c8cf97bead5deae237070f9587f8e7a266d
CryptoKitties,0x57831a0c76ba6b4fdcbadd6cb48cb26e8fc15e93
CryptoKitties,0xb1690c08e213a35ed9bab7b318de14420fb57d8c
CryptoLandmarks,0x99474b0a565DD095555636D85803CdcA7276B931
CryptoLandmarks,0x99474b0a565DD095555636D85803CdcA7276B931
Cryptoleaders,0xE631C110CfD301b0FAA45A3D9fF597EE6E5ab756
Cryptolympic Torch,0x4970E5635fD9CBD51a9aBf7D708943F613b74d51
Cryptolympic Torch,0x4970E5635fD9CBD51a9aBf7D708943F613b74d51
CryptoMilitary,0xDCA726c80520e9ae4bF1786A1fce32538eE11e79
CryptoMiner World,0xc352f692f55def49f0b736ec1f7ca0f862eabd23
CryptoMiner World,0x18bf88690f50d5b358307bb8a062b164a1677436
CryptoMiner World,0x2906DA90D3f99D5913bB3461183682951ca7280c
CryptoMiner World,0x66d106B2aebF18693177e9FdF72D4088e52943cB
CryptoMiner World,0xe0123204873fd29a29aef3f99faf1b1c45fe3b1e
CryptoMiner World,0xE0A21044eEeB9efC340809E35DC0E9d82Dc87DD1
CryptoMiner World,0xa207d2496688134f538a307b25e174b267ba6765
CryptoMiner World,0xE49F05Fd6DEc46660221a1C1255FfE335bc7fa7a
CryptoMiner World,0x1F4f6625e92C4789dCe4B92886981D7b5f484750
CryptoMiner World,0xeae9d154da7a1cd05076db1b83233f3213a95e4f
CryptoMinerals,0xb3b1f75b8b6c3c0f941bff34241a102454832943
CryptoMines,0xe683c31d91d73Ae12770CC7082511846Ea66F8D6
CryptoMines,0xe683c31d91d73Ae12770CC7082511846Ea66F8D6
CryptoMiningWar,0xd67f271c2d3112d86d6991bfdfc8f9f27286bc4b
CryptoMiningWar,0x59a8b4400ebfd61d42d8aade332076c220f72d42
CryptoMiningWar,0xcb8361f6ea2c93a39ffd9e8357ed6ccd48331dea
CryptoMiningWar,0x69fd0e5d0a93bf8bac02c154d343a8e3709adabf
CryptoMiningWar,0x54e96d609b183196de657fc7380032a96f27f384
CryptoMiningWar,0xce3e12f5512fb3b42e1a8c9c1d5d8cb321dfb776
CryptoMiningWar,0xa2e6461e7a109ae070b9b064ca9448b301404784
CryptoMiningWar,0x6fa883afde9bc8d9bec0fc7bff25db3c71864402
CryptoMiningWar,0xf84c61bb982041c030b8580d1634f00fffb89059
CryptoMiningWar,0x5b813a2f4b58183d270975ab60700740af00a3c9
CryptoMotors,0x30a2fa3c93fb9f93d1efeffd350c6a6bb62ba000
CryptoMotors,0xdf14fd93849ca9a38cc1fd2d22104591af48356b
Cryptons Game,0xc86554bee96fdb3c85f85b576ed52d5e1eacc3a6
CryptoNumismat,0xE4e5388457A381EB608C09aa6E63330c9fF6fc09
CryptoNumismat,0x94A4C4C9ed8D3bE27b2606aB5FB5c35Ba7D87cEb
CryptoPennies,0x87b1aB9e4C8cd57d16D9C7f945BD5F2366351843
CryptoPepes,0xBC2AFc039d2BFa67d582aC181daB5BE17EC91f82
CryptoPepes,0xE2C43d2C6D6875c8F24855054d77B5664c7e810f
CryptoPepes,0x08014573FF457D8e08D6Fbf2813617Def4f28E54
CryptoPepes,0x28ae3DF366726D248c57b19fa36F6D9c228248BE
CryptoPepes,0xBb0eF9e617FADdf54B8D16e29046F72B4D3ec77F
CryptoPepes,0xD4dd63D658f603E9a0Aa381E103e05457Cd5E609
CryptoPepes,0x84ac94f17622241f313511b629e5e98f489ad6e4
CryptoPets,0x336737d7C738bEc8Cb6d7B50547e888F20BF93f8
CryptoPets,0x6B2813DC314C272Aa9209a2e813bAC2B349ec4D6
CryptoPhoenixes,0xfd640dbe512bfcee682898869c2ffb2d13e55dca
CryptoPhoenixes,0xfd640dbe512bfcee682898869c2ffb2d13e55dca
CryptoPioneers,0x6e8a8a0de641161b306cd548710c6175546faf76
CryptoPioneers,0xb0e3500f6e56fe36b1e14e59d9f9c871fff23cf7
CryptoPioneers,0x129f96168333e234b16739CFd407D5d97E1aACc1
CryptoPioneers,0x319cb37f69515cdd4f8298f7191af2decd8f48ee
CryptoPioneers,0x90ee4cc808c150e9f661f386f7be03a05e0a50c7
CryptoPioneers,0x6d225d3b813fd7ae8d4a2e8dab01d50d500fcd6f
CryptoPioneers,0x09c3E7EC33Bd3F4E05BE19E3a9DA99278Ed49974
CryptoPioneers,0xd0e4847359ae76c2786d242e5f45c4f6f1abd752
CryptoPioneers,0xc29e6dec882dcfee63ba57d28d7662a0668f78ac
CryptoPioneers,0x2efbd2c201dde3fbbe856b5ff0080489e10be1eb
CryptoPizza,0x117cb292E97a593FbcA38B5cd60EC7144D4Ca8C9
CryptoPizza,0x117cb292E97a593FbcA38B5cd60EC7144D4Ca8C9
Cryptopunks,0xb47e3cd837ddf8e4c57f05d70ab865de6e193bbb
CryptoRacing Club,0xccab5bcd99dabbfba5149132659aa1a677594a27
CryptoRacing Club,0xd6566062a24716213f0851e455fc52325f42a23d
CryptoRome,0x86e4dc25259ee2191cd8ae40e1865b9f0319646c
CryptoRome,0x66593d57B26Ed56Fd7881a016fcd0AF66636A9F0
CryptoRome,0x2e7570255ac8c449217fb15405fac01f5408d114
CryptoRome,0xe60d2325f996e197eedded8964227a0c6ca82d0f
CryptoRome,0xF0A0596690B06182343047c932B6bBb0647F8D30
CryptoRome,0x9012c8b9fccd553ae3fbdc25719af965669dad87
CryptoRome,0x2C1E693cCC537c8c98C73FaC0262CD7E18a3Ad60
CryptoRome,0x13c8a7817ab3E74C28F5ef0eb7D7a3bdB329c2A0
CryptoRome,0xE204C40b2775C13c5490C7A396B62bf33e67B71b
CryptoRome,0x55D722827C8E12504db5B4f3837bFf2F43C9F232
CryptoSaga,0x1b5242794288b45831ce069c9934a29b89af0197
CryptoSaga,0xabc7e6c01237e8eef355bba2bf925a730b714d5f
CryptoSaga,0x7e8a2e5876453ea41936c64678de81ae40522bb3
CryptoSaga,0x1f6f71e1e6a56dc348f1ec9a22b200ac44459fe4
CryptoSaga,0x4D3C07F06FC3dE2f3B807F8e242b91b71933a560
CryptoSaga,0x59bcded9c87ce46ec97c13640bfc0390ceb00e99
CryptoSaga,0x2dad7bc882ac14736bd167a220aa575e65a1a5b2
CryptoSaga,0x6a5309dc905e85ce88f33bcd4d4d9a03ac68f847
CryptoSaga,0xc00cc67677b7d54c6d5a4bc6e72ae4822d3e70fd
CryptoSaga,0x678b713730b6d5d9314d39c82662c08540916c75
CryptoSanta,0x437855B858723A4a026F767A88871fc870CDdD04
CryptoServal,0xd21065F1f5376Ba9CB151DAC3f4242A97630D735
CryptoServal,0x9A23E9215b31b380237F1D5844d0430fc42A9284
CryptoServal,0x3a1957a0b9755d78c77e301410b254b6147a400c
CryptoSoccr,0xc95c0910d39d1f6cd3bd71e4b689660c18172b7b
CryptoSoccr,0x95880c85fed94ab00ee819642b85adc03a1a59ac
CryptoSpin,0x8008292c480b1d23a4203d94468cc899759bc70e
CryptoSpin,0xf5a7eF9E461bBBfCfcf44B404e7F255Cbd28D428
CryptoStrikers,0x1236630e68054a1d77fd39c10356318da3ec2a21
CryptoStrikers,0xeb5405e21d07fa5e3b6644d0ae7f391b47f17e27
CryptoStrikers,0xdbc260a05f81629ffa062df3d1668a43133abba4
CryptoStrikers,0xdcaad9fd9a74144d226dbf94ce6162ca9f09ed7e
CryptoStrikers,0x11cb02e2a07a94542a367bff7ee847451a75fa37
CryptoTitties,0xb39d10435d7d0f2ea26a1c86c42be0fd8a94f59b
CryptoToons,0xaaa688ac2755cb6a27d123a0300bcf793c9ed019
CryptoToons,0x58e80f54c86b6df98814cc274893534c0f7785e8
CryptoToons,0x739039c187655590367f96158201c941a61d440a
CryptoToons,0xd4202b234c15255bf0511d3380e83bda9172a72b
CryptoToons,0x6338191071747abc74d7644d71b49c07289b1eff
CryptoTubers,0x21e578b253c73Ef7172F13B5C002c2F562521Ed5
Crypto-twitch,0x606a24Aa75860A817cb5f2db859158Ca4866EDAF
CryptoTwittos,0xa430b36de933fe79cbd1098c990b9cbc9786d9c6
CryptoTwittos,0xa4b9054417ee4f06453152a45ebeba7786c84c66
CryptoVideoGames,0xfb2397daa1851ba306cee0bcad859959f63aa4f3
Cryptovoxels,0x79986af15539de2db9a5086382daeda917a9cf0c
Cryptowager,0x301EB38a31890F83B9192d1e824B25d0f3A57ECA
Cryptowager,0x301EB38a31890F83B9192d1e824B25d0f3A57ECA
cryptower,0x6F46893139386b22f76A9AC1F47c5AAFBB6a2f62
crypto-youCollect,0xA97fF44CFf7101FaC76aF172F088f400F28cb4E9
crypto-youCollect,0xA97fF44CFf7101FaC76aF172F088f400F28cb4E9
Cubego,0x6b766ec6540ceba812d036f79b39a016010c4e6a
Cubego,0xb7544b42293b9ebaa0b90a3b3ca69bd35daab808
Cubego,0xb4824f467f0ba6a27283583c1f4e55d4b8b09292
Cubego,0xadcd0aa5c36b51f44dff660b5c728054eba803ef
Cubego,0x18307523c553e1b826c4bc63faec7fbddfc920e4
Cubego,0x9c390affdda728e09322f1c5d1c22bec63accdb9
Cubego,0x95daaab98046846bf4b2853e23cba236fa394a31
Cubego,0x62fa50d0b364e5254d7e85d5228bb2908dbd02ab
Cubego,0x904597a4628da87a7709a33dbedd09717e8f1eeb
Cubego,0x44d330f60cceee2adf6d238db329b9567adf5ce5
Cute Kitty Farm,0x67601d7a7cbbD77368785122c508503f168B1dAa
Cute Kitty Farm,0x67601d7a7cbbD77368785122c508503f168B1dAa
DAPCAR,0xBE3f29b523884068F6847CB9C8C7Ae885d9Cc8cf
DAPCAR,0xe2EF2F99b41009482c05D71154BBf183C2FdEce8
DAPCAR,0x422264a3Ea620De93998ad843fEE0C8F2aF409Cc
DAPCAR,0x21698D13c2DaF51D3ad8132b73E5e3A4cff7286B
ÐAppster,0x7F2B1d5133053F9CC5B750d2245dB607233A770d
ÐAppster,0x9e31EFD94f666f960297fC63C64E43E78aC6bE00
ÐAppster,0xd2eC0d3B9c3A479c0B7Ea96D294fC6edFC541277
Darkwinds,0x1f28211cd78363c7e0d44a90157017422599526c
Darkwinds,0x552d72f86f04098a4eaeda6d7b665ac12f846ad2
DCup,0x21b6f114f80fbb614fd335bb6f69770adac29630
DCup,0xea01eeb646fb742f67068264cb60fef6d490ca23
DCup,0x0e6457a564fd6780b5a8512707a46c43f3a49ffc
DCup,0x8240c54208b57df3aaf53476fb3752336dca53d3
DCup,0xa8611d13d9448d9729bcb32c5c9f96993922be03
DCup,0x1d6aa0045a56f05f8c5d81defd5f641bc321552e
DCup,0x2682e3ad5358932ac5cd8f8616912cec76ad680c
DCup,0x2f13fa06c0efd2a5c4cf2175a0467084672e648b
DCup,0x164cff5281fb1f6029b31245b88a790270f95cb2
DCup,0x8c374ff87d4b6ab66cd669aaeec03e928d88b317
Decentraverse,0xbedb53541d35afc4559cb5697ce1579acd843a1b
Decentraverse,0xbedb53541d35afc4559cb5697ce1579acd843a1b
Democratic Luck,0xaB0Eb087dD45D01b257218b7f1F182Be303C65f5
Desert Dash,0xc78005e63d263304e70108f0b37baf4ca6e2d9d2
Deus ETH,0xe46b5f1f3551bD3c6B29c38bAbC662B03D985C48
Deus ETH,0xe46b5f1f3551bD3c6B29c38bAbC662B03D985C48
DGMonster,0x8eda35ee8b4eba2a9eaac1ab85418b24c6cccac7
Dragonereum,0x54c5231C982C6Ce0c44F7b0C4a18275dB998a02E
Dragonereum,0xf5c6acb57F13de23b2140B0b399Cd7EeaE800Ff8
Dragonereum,0x59D2A1370e57427b0Ad6342dCF45DeC9AdfB772d
Dragonereum,0x69980dfd271daf09B606b7fA1d872D98c98015a8
Dragonereum,0xB5B67b0BD9F0F188E900D6a50cD1D66a6D9932f7
Dragonereum,0xd5BAe616505430595Ee28b9E0E092Dc298AB1B19
Dragonereum,0x0163F2AeCc6263dfb2B9b01e9E76F93D4cc9862e
Dragonereum,0x94e34F68d66b5DD954b56A513cf7c48f08036F19
Dragonereum,0xDcd74Ce660f8335F3840421B06d83a122D0570FF
Dragonereum,0x6e9f056176b7997a98b9919bfB6642d4Ea92A1ba
Dragonking,0x70612c87DE3628CCb41428a0A3229161fF72262a
Dragonking,0x0aDADF6B6Be1afAd94D908b6bc4695dAdA64074C
Dragonking,0x8059d8d6B6053F99Be81166c9A625FA9Db8BF6E2
Dragonking,0xdC4d9bba9A9013B6fE27ee2c531CaBE5d6b43197
Dragonking,0x1144Be8544D1d30E66B611A1E6ff11a532084E74
Dragonking,0xA6A18b8d5a978dBff878b77bd785b778F00D2404
ÐWorld,0xf8c2b13ACcf82c66B01160a3Aaaa8f9299EFcfd4
ÐWorld,0xd4Df33983FF82CE4469c6ea3CFf390403E58d90A
E THE RICH,0x8348F36D1BA5D64975f1be8827a82f8910247BB5
Emont,0x5df892a4d541cb55c62280125f0c38b46d9f55df
Enjin Coin,0xf629cbd94d3791c9250152bd8dfbdf380e2a3b9c
Eth Plot,0x9fa15802157252b3ebeb55bed4626ed3c7662fd8
Eth Plot,0x28d7b033c420cee238d7030ad9f0ca7e35a9994d
Eth Plot,0x8f87224ce1631e7f20503cd510538a7d2f4d7977
Eth Plot,0x5c0bd5d00588a4f004ce0d92958c96264026f7be
ETH Sports Betting,0x9Ab3aaD7613321393DAdD63ef5BC804Cea6dbd47
ETH Sports Betting,0xCD219483C86Bd1682d8A2DC89aAa40b4b8aa038C
ETH TOWN,0xcddfa6adb29cca29966e695a137ff962f6a99e74
ETH TOWN,0x2ceeDb62C316665FC30eE8F9657fFCB36bE09A96
ETH TOWN,0x8BEA722E8Ca5F0874c2C6762209F63FE60BF8A7F
ETH TOWN,0x4173c24c14eec657aaa38fcb1676df22b1771c76
ETH TOWN,0x86Fb872FF061F7d47d7C8154E6030731695ed1Fe
ETH TOWN,0xc4ae886538276b9fccb226b9ecd19b9b571b3787
ETH TOWN,0xABA9Fdf93Ae2c5F0a3231da3CC4648073e7b27B1
ETH TOWN,0x59A6dc30E56A7B952EDEfCE012AeeF25aBEb5699
ETH TOWN,0x6ecD58c1fb4aF86D347F7Bcf6Ff713A0A8F99C4c
ETH TOWN,0x68667745398d750e20dbdb655f0f8ce86c405d8c
eth/place,0x13E9974bAF539593D29BA8d3097d46c3d44E0A40
eth/place,0x13E9974bAF539593D29BA8d3097d46c3d44E0A40
Eth17,0xA6695A539337B3F12C1b88868BB4151EFe99dEf8
Etharea,0xa6ea2e96C060729067db02C48dfAe85aFc4863BF
EthBattle,0xb06590e0B9fE47FF9AbAd84919a3E40bD59b16d4
EthBattle,0xb08E657B0da89f2D7235d56f04A4Ac3fEd597d2A
EthBattle,0x1736aC66fe33030FE27805AF041789ec2Fde9925
EthBattle,0x04eFC7daEF8E5Ba7B23f1cC1B3a36e2d50000Ff7
EthBattle,0x1b80B24C33B7fe69077518F22692aBdDDDf1Dc07
EthBattle,0x82922092289aB0F34f253dA08323599318acd7E2
EthBattle,0xef26c2766972cbac10575aa85c0ab0691b967d20
EthBattle,0x8E7c44195016ADC5746caB7ca10d954F7941a627
EthColor,0x6f456ff1ff6eea6e62adeb59c11df2dfc294f76d
Ethecom,0x3C4eAce49c96a6e6412dcFfD08D5a8FebcC70FbD
Ether Bankster Farm,0x6cD6215a23890630f39400cE37e3cB5D31304b8C
Ether Dungeon: Age of Myth,0xf7eD56c1AC4d038e367a987258b86FC883b960a1
Ether Dungeon: Age of Myth,0xc99f359f73626e475ee86caab459a4b34ae93fea
Ether Dungeon: Age of Myth,0x141766882733cafa9033e8707548fdcac908db22
Ether Dungeon: Age of Myth,0xb4a038a4d662d0a04875e4f095901787e9708e41
Ether Dungeon: Age of Myth,0xed023b117953fcfaa92150d3ebe3e987d19563ce
Ether Falcon,0x0C24e3aa0Fc411deBf74F138674cF2066C2e0ace
Ether Falcon,0x0C24e3aa0Fc411deBf74F138674cF2066C2e0ace
Ether Goo,0xdda9bcd985b1169607546b52910a0269dff5baf1
Ether Goo,0xe0c85b973afcfbec4033d8524e2366d7faaa3487
Ether Goo,0x57b116da40f21f91aec57329ecb763d29c1b2355
Ether Kingdoms (IMPs),0xf766b3e7073f5a6483e27de20ea6f59b30b28f87
Ether Kingdoms (IMPs),0x48FF53777F747cFB694101222a944dE070c15D36
Ether Owls Nest,0x9A78a1bcc4C254EbA53B811BbB42dC0bf915E166
Ether Pooh Farmer,0x5585f99a9af13B73A6210EA9c8ca98b69f4a4b31
Ether Quest,0xed80f1397374fe7d7227d483932b8cdc582e0775
Ether Quest,0x4f4841765d1745696eae65a4395c9ff3290a1f9c
Ether Quest,0xd79b3d20BF9e9d54C4da992FDa0b52861FB67575
Ether Quest,0xc09347297f274807415eb17364c77b52f9f95b9f
Ether Quest,0xee919e1ee6d08ae90ebe4dad81cafcbf05c2a98b
Ether Quest,0xc4a21f9a38b813b2c8e3f2e01c8d7547a99ed2b7
Ether Quest,0x3d277e106fc867cf845000f11aff9f9785e20c1e
Ether Quest,0x3addbd1434e3e23b9781b5be577ad7aacfcf0bad
Ether Rangers,0xd916DEFB658E02b1a1a35e8F120769cDAf38BF78
Ether Rangers,0x27B95A9231a022923e9b52d71bEB662Fdd5d6cbc
Ether Rangers,0xdb289A6c489Ea324564E64783eCCcb0d7fa9d00f
Ether Rock,0x41f28833Be34e6EDe3c58D1f597bef429861c4E2
Ether Rock,0x41f28833Be34e6EDe3c58D1f597bef429861c4E2
Ether Shrimp Farm,0x58AFF91f5b48245Bd83deeB2C7d31875f68b3f0D
Ether Trump Farm,0x58d46475da68984bACF1f2843B85e0FdbcBc6cEf
Etherass,0xa7dc80fc2a566769e18512c426e2fa82436e9bd4
Etherbots,0xa52bfcb5ff599e29ee2b9130f1575babaa27de0a
Etherbots,0xe503b42aabda22974e2a8b75fa87e010e1b13584
Etherbots,0x700febd9360ac0a0a72f371615427bec4e4454e5
Etherbots,0x4cc96f2ddf6844323ae0d8461d418a4d473b9ac3
Etherbots,0x3c7767011c443efef2187cf1f2a4c02062da3998
Etherbots,0xc3cc48da3b8168154e0f14bf0446c7a93613f0a7
Etherbots,0x72cc898de0a4eac49c46ccb990379099461342f6
Etherbots,0xd2f81cd7a20d60c0d558496c7169a20968389b40
Etherbots,0x98ecf84ac50aa3c090f88b04676babc296d03527
Etherbots,0xc23f76aea00b775aadc8504ccb22468f4fd2261a
Etherchicks,0x7cbFBE8B4872B2932446B90b7E3e03F6Ae6e32dA
Ethercraft,0x12e689d0891f69a32dcf2fb25d711a8e89ff9326
Ethercraft,0x12e689d0891f69a32dcf2fb25d711a8e89ff9326
etherdate,0x5094bd12f227df04905918dc431e822e5d235e64
etherdate,0x77daea587e4cdf2bfa7acaba72f01b3a97d108ea
etherdate,0x77daea587e4cdf2bfa7acaba72f01b3a97d108ea
etherdate,0x5094bd12f227df04905918dc431e822e5d235e64
EtherDragons Arena,0x1680855238bf0dfb458dcf46ceb146b18ef65bd2
Etheremon,0x0c28bf52d0d4d9447e86d7e7f0e317f273d3c9a3
Etheremon,0xf3a8f103574bc64358e372ed68e95db0b2bb0936
Etheremon,0xabc1c404424bdf24c19a5cc5ef8f47781d18eb3e
Etheremon,0xcaef67f72114b4d2b4f43e7407455285b7de8de5
Etheremon,0x4ba72f0f8dad13709ee28a992869e79d0fe47030
Etheremon,0xfdf4411669fc6e8951a6ae987307d7582fda7a05
Etheremon,0x95daaab98046846bf4b2853e23cba236fa394a31
Etheremon,0xfec769e54c266de2bc3fa5df7d9f0fe2a1e39461
Etheremon,0x1fc7bd85293f3982f40d52698df8d26be89360d6
Etheremon,0x75aa01dc00f6aeefe14bd58a5b6cbb091c6dc57b
Ethereum Capital Token,0x792e6c37ae5ced8202794af26671531195418616
Ethereum Chicken Farm,0x246a3CC8430909cB9b4ea2C55064045096656792
EtherFactory,0x07E6347Dd2F83a1b396a79060613e890f44Fa36F
EtherFen - Digital Tomb,0x0C01d1A41F21863c194C8e948054f8e3A433c424
EtherGalaxies,0x86cd1174707188c7ff1bfed1d766b1e3e54a5ade
Ethergarden,0x66636095ca6526515fd36d5a5c636a6a30fb671d
Ethergarden,0x471cd7a690b752e13826bbf3745a9111c66906f5
EtherKnight,0x7466271f4e13008b709cc1f724ea6418c72ef16d
EtherKnight,0x9157494EcD62333B03C348eFA9E7a5Af03F87476
EtherKnight,0x09927C55998A0EA12b8f24932356FCE3a46dDE12
EtherKnight,0xd9Ff8cc0433C995F3A9711F1400329cD6A40387f
EtherKUN,0x9ce0b408a4f15d222f6624895687efa1e1a4247b
EtherKUN,0x31c4989e0415f76d9e51eb62538f221f30058538
Etherlambos,0xda9f43015749056182352e9dc6d3ee0b6293d80a
EtherLife Online,0xa913248b6d20605b2cfd7e83a0861f4aade2712c
EtherLoot,0x6954354a6c94b2d5c4d1b8e40b4bee1e0615d72e
Etherman,0x14b2e65338ddef083f9469098629bdc563c5e167
Ethernal Cup,0x839192fc5A302732736060A0D59eEfa1Ed92CbE8
EtherOnline: Jackpot,0x579fa0a1872459138aad423644c9c5038fa31807
EtherOnline: Jackpot,0x0176d6746520dd73c2db032348530520d64e074e
EtherOnline: Jackpot,0xbe8115cdf67fcbbca3efb2a9ff18bb98eac2308f
EtherOnline: Jackpot,0xc333228daab9bde8a3866efa3a9e616b7e1bae51
EtherOnline: Jackpot,0x75f75b2a604f72c95a131aa3e18682b57052937b
EtherOnline: Jackpot,0x5d8cad8836a8fa73ab202249cb7bfce296876e00
EtherOnline: Jackpot,0xda9c03dfd4d137f926c3cf6953cb951832eb08b2
EtherOnline: Jackpot,0x7cbc6211e6b065b6ef1b2addf842d0105f7619c7
EtherOnline: Jackpot,0x4209f9bbb4e4dd48dbd84701fcaaab1d492b5a05
EtherOnline: Jackpot,0x1A7208627fFe43a69f13f3C393a41712fa4a7831
Etherpixels,0xd837df96543824e287417e711f4879c5a67493c5
Etherpixels,0xd837df96543824e287417e711f4879c5a67493c5
EtherSnailFarm,0xDc078FF399D0001c31454e83896e8881D164FB95
EtherSpace,0x9279d4d65Dca0744365C4424c4023DC21897A80a
EtherSpace,0x9279d4d65Dca0744365C4424c4023DC21897A80a
EtherSpermBank,0xdaa42065346b0b88327c2d2074bb80d8c2ad9c6f
EtherStars,0x6360c66Db2Fbf3A39aE3Db7F0ED0b551043F13d1
EtherStrike,0x83036F5dE022Ce142B63af574dD88B8BEA00912A
EtherTulips,0x995020804986274763dF9deb0296B754f2659cA1
EtherTulips,0xc2bFA179A596F83458fdCbB615eD1eCD537E1Bb3
EtherUP,0xeBBb9a0Ca198f53543CE8C68A062C7c7E30d09e2
EtherUP,0xeBBb9a0Ca198f53543CE8C68A062C7c7E30d09e2
Etherush,0x5badbc05ada835b794e48b2ab20a55e4b4857e5f
EtherWheels,0x23785d6358c62257c8ee4b86769279381470a3ac
EthGrid,0x9fDEd3F18648AD4793D999bb8a145003ff12524a
ETHimals,0x1524ee9e34bf12d58c7a15578ce0efd4d5a7f11e
ETHimals,0x1524ee9e34bf12d58c7a15578ce0efd4d5a7f11e
ETHMap,0xB6bbf89c3DbBa20Cb4d5cABAa4A386ACbbAb455e
ETHMap,0xB6bbf89c3DbBa20Cb4d5cABAa4A386ACbbAb455e
EthMonsters,0x184C8624d79f41EFF9b3A702737EE86eeef80e67
Evolution Land,0x9469d013805bffb7d3debe5e7839237e535ec483
Evolution Land,0x19e22a73a046f19ecb51a46ace4ca7a4bb7c20c6
Evolution Land,0x358dba28848cca268ba8a76b65e5b3ef9ef92238
Evolution Land,0xf45e406067798d2df7913704edcc2ac8d07f3d9e
Evolution Land,0x6b0940772516b69088904564a56d09cfe6bb3d85
Evolution Land,0x1320994fa466e19f17b143995999c7275eae50e1
Evolution Land,0x8469a695d70033ecd170c82be1253842162aa77e
Evolution Land,0xe19866986976e84b2c2691169c9f9b1baa433893
Evolution Land,0x9f284e1337a815fe77d2ff4ae46544645b20c5ff
Evolution Land,0xd4b784ae5c12153d11ca55853d832d2a2d514a08
evolve110,0xB8F2D890A60bFc679949bab7cE933a576Ba570aa
evolve110,0xB8F2D890A60bFc679949bab7cE933a576Ba570aa
ExoPlanets,0x4e6a6BEec092f87a54Ff9DccA561313833D3245E
ExoPlanets,0xaf3b6Cf6B25740Af51cfebcaaD5bAE2cA12856f0
ExoPlanets,0x94c9922C920bfc04d428b099Ee6bC1d57c602113
ExoPlanets,0xedb94888eff041eb50c9fc92c360f66afb3b94c5
ExoPlanets,0xfe7ee4cad9ec227a569e036fad032c85be670412
ExoPlanets,0xb12E260275BcD28E6f8820666Ba02C67c9600843
FABG,0x7a82f2a3f81499408268358e5f6412a0fdd8742e
FABG,0xE49A852Bf55736d76B483632B9B78d04646CC15a
FABG,0x6be9894bb589e7d7656a7805040144bbf157bbaf
Fair City,0xCE4BaDd1a985D06A5c700d5F6036C00C2232d3b0
Fair City,0x9b20dabcec77f6289113e61893f7beefaeb1990a
Fantasy Football Fund,0xcabfdd2aa4d0441fc5c39e3c8c46f94f7fe8fbd4
Fantasy Football Fund,0x56434AD1E38a564E76eAe08c7118E5E7b450Aa6c
Fantasy Football Fund,0x1470826017ad2337d58742bb24bfeeea21d239ba
Fantasy Football Fund,0xc4814d0a5f90a7ee7cea39794d520b0408ef0e1e
Fantasy Football Fund,0xab85a9c289f1232a03eea1b98d1dc4e13f7cc2da
Fantasy Football Fund,0x18df435a59119a7c549dacee24f53175dc799a85
Fantasy Football Fund,0xc87dd8c8dc96c394424f1050a2b444d234cc3db1
Fantasy Football Fund,0x0d588358acf3e3621ee89025061217718e347d56
Fantasy Football Fund,0xa658f0d81193602deb5dd0d723fe935fd861f201
Fantasy Football Fund,0x3d200964b36b2bc58fede56408ed52c25a60aed6
First Blood,0xaf30d2a7e90d7dc361c8c4585e9bb7d2f6f15bc7
Fishbank,0x37c7d59a4f5af2dbd9bdf822aeed0ce08c6e0b62
Fishbank,0x96e666c387B1d25B490A33CDB5a32b8A1F91D3B6
Fishbank,0xe8bbf054b788c98d9993be5513254d6b64a1ba97
Fishbank,0xb0e674508eb1409b93a49a265f051bbf327eb5d9
Fishbank,0x989af9516c7466fff588121059c7f069a2f5bb49
Fishbank,0xee327625634e35a03Bc1F64deD8Ed2a061BA0978
Fishbank,0xe3f4383c19dbe7436261e63dd811e43dbed29890
Fishbank,0xdf0f851ce2214febdc2d111cc591246ff813087d
Fishbank,0x31c878f5fd6d692348365f052169e3b2aa024a32
Fishbank,0xA98Ad92a642570b83B369C4eb70efefe638bc895
Fishbank,0x26c720c79c2518d42bdf604bcf0f433d0f67a8da
Franklin's Library,0x87e5212A30135d562501143cec9F95fFb1De4e9f
Galleass.io,0xC15fa062d898f89e943429D056200D08614DDF89
Galleass.io,0xC15fa062d898f89e943429D056200D08614DDF89
Gallery 6,0x09B943c157Ee9d56b0E9168E15eEA2C64Ea85393
GameCard,0xa25E8050F80eE99A17E861CD0931D5D362CAA34E
GameCard,0xaE62cc634B17a98B5cbCe3305C73Fba4CCd230A4
GameCard,0x598382D2ba5E70624F0A7F9EEB1454E92A3169c2
GeoEth,0x59d34dE599716AA949487230c21FBAb178496671
Gittron,0xfb6ff3d0eba6b8e69fceb04afe5f230611a34a36
Gittron,0x162d3e80d51f96240ae0a44ab3a5b1ea23920ce4
Gizer,0xe638dc39b6adbee8526b5c22380b4b45daf46d8e
Glitch Goons,glitchgoons1
Glitch Goons,0xaE42410C62e8254429E0fA06a4f965ee7D123EB5
Glitch Goons,etherdalecom
Glitch Goons,0x18337c61e4f16A2E474c0d6124d85C522C26bBDD
Glitch Goons,glitchgoons2
Gods Unchained,0x91b9d2835ad914bc1dcfe09bd1816febd04fd689
Gods Unchained,0xc47D7d42E44b2e04c83a45cF45898E597A0c2311
Gods Unchained,0x5789e2b5460cae9329d93a78511e2ac49f98a1f6
Gods Unchained,0x015531a044bae03bf4dab1ceabfc232a969b7175
Gods Unchained,0xe7e02be77d46ca4def893d1d05198f4be5c1ecd8
Gods Unchained,0x1e891C587b345ab02A31b57c1F926fB08913d10D
Gods Unchained,0x6e0051c750b81f583f42f93a48d56497779992d8
Gods Unchained,0x0777f76d195795268388789343068e4fcd286919
Gods Unchained,0x000983ba1a675327f0940b56c2d49cd9c042dfbf
Gods Unchained,0x482Cf6A9d6b23452C81d4D0f0f139C1414963f89
GoPony,0x91af19d0e94710bb2f26ec09a9b25308386c2452
GoPony,0x82a73f1407faf50c0703433d7449e7916b95c32b
GoPony,0xd772358fc49821e79cdd36c6f1a07ec860ee384e
GoPony,0xb6fc6e2385d55ccb83e297bd92e2bd89795b47a3
Hash Heroes,0x103992432927f7ed1a5b3dc0e34186f80b16d93c
Hash Heroes,0x103992432927f7ed1a5b3dc0e34186f80b16d93c
HashKings,0x57CDee8a9658F364553FE89BA200252B00Ad05D9
HDX20,0x8942a5995bd168f347f7ec58f25a54a9a064f882
Hedgely,0xB945930D22D3aac16982F8ca00a52e7ED73Ec981
Hedgely,0x8b548505bABFd983Fc45210499b44e340bb85d76
Heroes Of Ethereum,0xe22aa88573ca6bdde35cae8f84d92c38c402dcba
HIPR,0xf792c43f23c39f7de185cfdc6ce96aa69e9f00c1
HIPR,0xf792c43f23c39f7de185cfdc6ce96aa69e9f00c1
HiPrecious,0x5D0ee539893323f9965e3AC2846Ea6421255AE79
HIPSTER GAME,0x32f778F246bA5F8Ad8EB35A0D638E9075ABe5B19
HitTheCrypto,0xccaa7a47d995e94d4bbbf1b43827ebb53ef8e569
HODL Earth,0x8a8ec4cedf933dc983724c235fd4f4754ffbe6fc
HODL St.,0x6Ef9B8609549f43846d7701d5Bd84b0331E83a6A
HODL St.,0x39237d680cfc6dc3630a61823b6f29121a0e62c1
Hot Potato,0x80c6fFb6F7A23fb6aF173CE13a8278C1426B8cBC
Hot Potato,0x80c6fFb6F7A23fb6aF173CE13a8278C1426B8cBC
HyperDragons,0xe05ebd94ca833855133f63190d7fb2d7ba640462
HyperDragons,0x92cace836fa29f8b5ac5ef02c7ad241614d78ee2
HyperDragons,0xe371dbd9e35ea8a274d60f147df95bbe4b1f0188
HyperDragons,0xa16176f987e3f5388ca8696ca2dcc5c778ab6a19
HyperDragons,0x67a5de922c1f4d1a4dbd848466b86b5455fb6a3b
HyperDragons,0x086e5cad411ef6d1f2e719f1f2bff94c02c1082d
HyperDragons,0xb0970f61b66f86f2169b4eb3d97da065327633e9
HyperDragons,0x7fdcd2a1e52f10c28cb7732f46393e297ecadda1
HyperDragons,0xC5807256e2E2Fe85ca94C3617C4Bc5ff2Bd9cfB6
HyperDragons,0xe0617aa7084323313310ec30187fc6d33c07fc2b
ICO Hater Collectibles,0x1fa48dd53f8300425f57621cf7b50d232e35e880
ICO Hater Collectibles,0x682fF6b8746e182DA0efDE513C06235E5efb6cED
ICO Hater Collectibles,0x91E881307Bc6ff429B29C6320294899D58f0bE5c
Infect the World,0xf5fcfea8331a44a5a7239bc75bc8b3cf4e2193e0
Jan Pon War,0xd4276563d170073482f65b305559e4b73f7a089f
KillFish,0xB5C518AB9B41080af0D9df48d9EcBF1f098a44D0
King of Eth,0xe1254b9025b9e9dc4c22b1e48ad0d279c090af24
King of Eth,0x214c1c9962761be484e365a14d9bca3739020517
King of Eth,0x8a07183cec562506f7ec29be42d7f5a14ee9e484
King of Eth,0x107464baae9d59725623b3252528f420b5bdb705
King of Eth,0xc8e072145f8aa3507a291141beae1109070a6fb8
King of Eth,0x1e19bec0e4ec6d524585f1d89f57afa2d0e95106
King of Eth,0x4bda2ed2be4f6f4c3652fd1cc2e6c0e47e694ade
King of Eth,0x5ff1e4c124b6b0c9a41cf41d261b3cb9fd84c80d
King of Eth,0x04bba664ea822924ff435ce1b3fad3e8dcc69481
King of Eth,0xf278c6ff3c4956ec721c43d015135573a15c97aa
KingLovin,0x52629DD14923d9F60deAFDd373ff6E1145866F09
KingLovin,0x52629DD14923d9F60deAFDd373ff6E1145866F09
KittyRace,0x6b6220677b93e8fc9dc3ffe582e481b7a56c79a9
Locus,0x16FF6A8cF19eEe38F6CCE81d42ed390038547048
LoftVR,0x5088C2985210925d15Ea470a160fC08b352818d0
LoftVR,0x5088C2985210925d15Ea470a160fC08b352818d0
LORDLESS,0xea08874e12eae69f592c721ea0243d56d76c4f80
LORDLESS,0x159903d22cd86e2e04747b52c8eab795e5ce92ce
LORDLESS,0x9a059a2dd2e3c025a123f2ae65cd85bf73d9db5e
LORDLESS,0x15820072729d045ec5232ba3bd060ec5df38e09a
LORDLESS,0x35223bc965dbd91b41ddf1f540e8c7e475853551
LORDLESS,0x94a0998c466744b53db002ff4d29cfcdb0aea6c6
LORDLESS,0xb71e2f2af27bcac476eefb418e56869067009997
LORDLESS,0xffbe258e9de5269a8855f41a41178ddc202d27bb
LORDLESS,0xee301e417e8e802089fccec365f3e0416cfd083b
LORDLESS,0xb9250c9581e4594b7c6914897823ad18d6b78e96
LORDLESS,0x744a31ede5422355d9c2bd8c44c710404336ca84
LORDLESS,0x7ca121b093e2fbd4bb9a894bd5ff487d16f1f83b
LORDLESS,0x63b55c54cd4709b80b434de938986c7da5dd6cb5
LORDLESS,0x448e0209610a9064c776ae0255ad71ef49d58d0a
LORDLESS,0xb99b7c5bda13f5cc7c9eebc166bbc430a833acf3
Lords of the Snails,0x2A26B5d1EED284f403492044Ef4106eF0eD9C60A
MagicEtherBall,0x68EE45b9fbF9aBd804dB1c168dD288212e0F187C
MegaCryptoPolis,0x7419F79a29187468fd6ABb24f022fEA7EbcEd22b
MegaCryptoPolis,0x79f8cd0E10Cbc82D663e6d8C306165F6785297F9
MegaCryptoPolis,0x14580A944246339d9151Ab4E22458b3Ab926438B
MegaCryptoPolis,0x285203097548b0a6e424b88eb7258beb95316ed6
MegaCryptoPolis,0x79048730d53691268249FC0275F70af9046c3134
MegaCryptoPolis,0xE694010C4F1FCd35ebc04ceB60F847cAaF2cD6F2
MegaCryptoPolis,0xFa36adA2E5835bA299b1fE2953E5D2Dd2E550790
MetaGame,0xBAd8E5Bbb4fAD4029Ab444A10855539850a91FB9
MetaGame,0xBAd8E5Bbb4fAD4029Ab444A10855539850a91FB9
Microverse,0x7f4ca7139f9847dde009b4c6af1e173c1bf03d2d
MLB Crypto Baseball,0xaa86bb5ce320e7e425af0caf988f2c3a5e0b8338
MLB Crypto Baseball,0x7377aa41144e7f78f5f67dc27daad39079bb96f8
MLB Crypto Baseball,0xc19b4b5f76d8148bcc78329bd37a0ea2513440bc
MLB Crypto Baseball,0x8c9b261faef3b3c2e64ab5e58e04615f8c788099
MLB Crypto Baseball,0xe7232a9fd8bf427aa41918bc008d32290e22990e
Monsters,0x9BE9e531Acc2937Fa75F58A8875C9604FD43bF60
Monsters,0x9BE9e531Acc2937Fa75F58A8875C9604FD43bF60
MoonCryptoPolis,0x8209CBe5eB84d0A2974355AFD3F9256B58FCe2aC
MoonCryptoPolis,0xc72b1dDd92C34c1074e30E636Fe88D0947fB2fD7
MoonCryptoPolis,0xB8aCdaE2B8bDdF8c5C2f4F247d98b69343cC6502
MoonCryptoPolis,0x6515586Ce83293CEC425c46d5E5BF28591Ec013e
MoonCryptoPolis,0xF9E51dFe10A165781838C7DC9B08020433252543
MoonCryptoPolis,0x956559194C69Ba02406A486355B9DF6343A3B4BF
My Crypto Heroes,0xa1d2c7e6de2fa512f1fdf486ca17ab79b4dc5d01
My Crypto Heroes,0x273f7F8E6489682Df756151F5525576E322d51A3
My Crypto Heroes,0x4B9F5347c489D9EE91787B7e9f678d354324878F
My Crypto Heroes,0x946048A75Af11C300A274344887eC39452218B3d
My Crypto Heroes,0x9a7956dff83d5e94e8b4e9c6bbd7a40a9c89ebf7
My Crypto Heroes,0x4ae0ede482f825fb9cccce8f0fe089f0379eaa2a
My Crypto Heroes,0x46fc7b42f4522bfbd8b4565130aaed1e407d9957
My Crypto Heroes,0xdceaf1652a131F32a821468Dc03A92df0edd86Ea
My Crypto Heroes,0x138a35ee20e40f019e7e7c00386ab2ef42d66d1e
My Crypto Heroes,0xa30cbce69f520bf2a34c5c15193b7f5afe427a26
MyCryptoChamp,0xa44e464b13280340904ffef0a65b8a0033460430
MyCryptons,0xa068345A625542fe49c299C8DF309A920A184200
MyLuckyRabbit,0x825c1d61a5b170808a31b895c26ee4f24b690d59
Mythereum,0xb8131617325c6f1f7729a4e2df8551cb44ddf76b
Mythereum,0x664fb2cba871e42a7e86dba388c2e6dff68264b1
Mythereum,0xf6c868c4f2a48949ff9b01e67acd206543352fcd
Mythereum,0x7895879e0ec1fb2e9a3fc3ac97e8908c2c519f7e
Mythereum,0xbd57cc26c0fd1b339c6725866399126366328352
Mythereum,0xc70be5b7c19529ef642d16c10dfe91c58b5c3bf0
MythWars,0x46eda14F419bE11384F2bdA783d12577A786Ec49
NEVERDIE,0xdC4d9bba9A9013B6fE27ee2c531CaBE5d6b43197
NEVERDIE,0xA54ddC7B3CcE7FC8b1E3Fa0256D0DB80D2c10970
NEVERDIE,0xC596bD09d652827b0106292D3e378D5938df4B12
NEVERDIE,0x8059d8d6B6053F99Be81166c9A625FA9Db8BF6E2
NEVERDIE,0xA6A18b8d5a978dBff878b77bd785b778F00D2404
Orbiter 8,0xe27100886fa986aad8ee6494b99d76f7d9222f92
ourPlace,0x32ebc63e3ab6fa412c513b776f7cd194495ff25d
ourPlace,0xf299692d5e10f54856dd417df763a006e7589a7c
Own the Day,0x16d790ad4e33725d44741251f100e635c323beb9
Panda Earth,0x663e4229142a27f00bafb5d087e1e730648314c3
Panda Earth,0xe84e30aacb41490a1baf1d09416e970f1e6c6a1d
Panda Earth,0xbf4b10a3e9aacf7755345de8c9d1a06c184bed7a
Panda Earth,0xe8ea0f7633bd29f6bbd603adae82249cce34cb49
PEACE,0x55d743F548490C837858de0e815b2C3a7d4C3198
Peerguess,0xbdcfbf5c4d91abc0bc9709c7286d00063c0e6f22
Pepe Farm,0x2b2167bd09c4c8F853E0c011BcF9a581F8459604
Pepedapp,0xe4bd56cbf537074e3836a1721983107cce9e689f
Pipot,0xEE52D05a2351151BEAbEDB7a9E38cc1A2095a8Ce
Pirate Conquest,0xd8b1fd887031aebbd65e59c0d09cd81ad4e1d149
Pirate Conquest,0xa1a4edeca5f7c88901497b52843202b8bf41a2c7
Pirate Conquest,0xd92decbb24505f48627444d6d4131610aad2f027
Pirate Conquest,0x6e10e8f202ced220791043df74aa84615caec537
Pirate Conquest,0x507e04f88d500aabc1ed6f3ed23e8368beb7ff43
Pirate Conquest,0xa33a5adee9509405d9b9bc23e0ed0dddb8f331ae
Pirate Conquest,0xb94a576a8bb6224bc3b4b8f1c634267f75cc47f6
Pirate Conquest,0xc0d3a72edc15b4df241a49c374dd9ecd062655b0
Pixel Property,0x1fb6ce46917543cad5f61cd995fa26d889716e5b
Pixel Property,0x89695d5b003eb6a546c1b6d3b272c36e423e9477
Pixel Property,0x9bc0b36cdedadb9ae906f53bdea6debe20b81b8e
Planet Crypto,0x003Ad9c18BC279f40632E7e5De2fd213931215d0
Planet Crypto,0x8C55B18e6bb7083b29102e57c34d0C3124c0a952
Planet Crypto,0xA1c8031EF18272d8BfeD22E1b61319D6d9d2881B
Planet Crypto,0x1806B3527C18Fb532C46405f6f014C1F381b499A
Planet Crypto,0x533baFa16AA76218Ec4a365ad71bF8816cF21Bbb
Planet Crypto,0x6cd067629939290C5aBFf20E1F6fC8bd750508C0
Planet Crypto,0xEF5B27207bD9Cd7B7708755CDF1A4523CB0b1f7D
Planet Crypto,0x19BfDF25542F1380790B6880ad85D6D5B02fee32
PlusTen,0x12567da0ce5242cddeec427a2fbfee5266eae14e
PlusTen,0x12567da0ce5242cddeec427a2fbfee5266eae14e
Publica,0xC48Dc7FE57f1Df961EC6d7c2c814c07EeD99e490
Pump and Dump,0x59670e7f172eafea08f44a308158c65e314a0df9
Realms of Ether,0x0716d44d5991b15256A2de5769e1376D569Bba7C
Rent Control,0x752A95f199eca0335738Ce0cEF859fc56Ee2c3d4
Revolution1,0x05215FCE25902366480696F38C3093e31DBCE69A
RigWars,0x2b1e7e76705b54adf48704505d0d2d96aac45151
RigWars Idle Game,0xD731C88890cA047cD1beD2E6eA1562C7A425C29d
RiotCats,0xf45259e9d210eee07048cae66102c3b4050a5b05
RiotCats,0x7eb764a10731c1d99157a69e2a65645fce95fedb
RiotCats,0x5621863290b26778c10996754fbe3b96af07eab3
RiotCats,0xe240c24a9a146b517c9f91cc09423fa69dd7049e
RiotCats,0xf2e6b5fa214f755e42a1a38baa7aa6eec27b73a8
RiotCats,0xa6f52f3c64396ba39e9c959e18d53228d114a3cd
RiotCats,0xa0620e05ab05ca3219791ae0c84a206e5e47f530
RiotCats,0xe1a177e65a61258993aeac66e463787312f02c0b
RiotCats,0x293c048ad1fbb34da180d5c085e0d2263594ebda
RiotCats,0xa753355fedcb30bc4a73491067f3a33470e7d280
Rock Paper Scissor,0x262B38a1dB5edb7F25aF1724381841B6009d85f9
Rock Paper Scissor,0x262B38a1dB5edb7F25aF1724381841B6009d85f9
RotoHive,0x0d19d264207a3afad4094f26b693ff5590361b0d
RotoHive,0x0e3129b3fde4a458b7910a2602e92ac533b9400e
Save Rasheed,0xa1ffa867315839c0267613f3ee9884e673d54620
Shangri-La,0x2cdaa3fe15db67458f45af2834ddc83ad2cf721f
Shangri-La,0x2cdaa3fe15db67458f45af2834ddc83ad2cf721f
Skrilla,0x4c382F8E09615AC86E08CE58266CC227e7d4D913
Slugroad,0x71A42FD60323204912468CD32a8283Ed5D45A28f
SmartLotto,0xa00cCf3183578DEBdc2Ad2368BdD1D85633EC614
SnailFarm 2,0xeb93E12E23aCD78f622FcDB6B51906B7ba0AeD2b
SnailFarm 3,0x2A185c995373a766979E645D0912d30E27aa56f6
SnakeFarm Idle,0xE6074Bf0124c4f67cFA10A5eFDfD16Bd0541537a
Snip3d,0x31cF8B6E8bB6cB16F23889F902be86775bB1d0B3
Snip3d,0x6D534b48835701312ebc904d4b37e54D4f7D039f
Solethium,0xBc34b85205afFE0c941c784F6D76D1d6fBF2caA8
SpaceWar,0x8F4D305a521A45B72B44CF96740F87a634E85143
Spider Farm,0x25e1779f5f2fbdd378ced1a338f6c26aeb3d6ad0
Spinage-Game,0x9ebf7ce469221bff71d1255d4381cec5a574dd8e
Spineth,0xB7C6E6023f919060B8Cfb70BBB06DCF7aFDAEfB4
Spineth,0xee44B11148486c05112d6418b987D8B8C2632E8f
Spineth,0xFaF98930E9ABd5676fD373186D1e37D545Fd9246
Spineth,0xee44B11148486c05112d6418b987D8B8C2632E8f
Spineth,0xFaF98930E9ABd5676fD373186D1e37D545Fd9246
Spineth,0xB7C6E6023f919060B8Cfb70BBB06DCF7aFDAEfB4
SPLIT or STEAL,0xa69610b60fec5ec350a7267ed5d47bf87aa25364
SPLIT or STEAL,0x6cf35ea8150ada482b1f0615d850f11e4127adb5
Squirrel Forest Idle,0x0057826d01b84775dbc9b3a5ba1152b095988481
Star Cards,0xcddcc63883683a3e6d5537d0b47074c3accc790e
SuperCountries,0xdf203118A954c918b967a94E51f3570a2FAbA4Ac
SuperCountries,0x6ddaAEE7F5a3eb5a0DD30eAFB70835F9F68DB8d2
SuperCountries,0x4A261669208347Bf4f47A565edD166C609B84797
SuperWorld AR Real Estate,0x1db991943ce50173a64231d60c13aebd6a18a942
SuperWorld AR Real Estate,0xfd89ea92f6ec07d955e2adbba2400ca1a6369028
Temple Of ETH,0x0e21902d93573c18fd0acbadac4a5464e9732f54
The Ether Button,0x945687adcc12b818c46f4dc6834712ed40345093
The Ether Button,0xdeafc8d49ea6d6044eaa53f5e7c7c35c60e13d7f
The Goat Analyzer,0x9f452e458b024e82d6e3ff50a07b8de74c988523
The HODL Community,0xa839E5Dd071Ef1fb245C6144190647eC1368bCa8
The HODL Community,0xFf567f72F6BC585A3143E6852A2fF7DF26e5f455
The HODL Community,0x1E2F082CB8fd71890777CA55Bd0Ce1299975B25f
The HODL Community,0x961FA070Ef41C2b68D1A50905Ea9198EF7Dbfbf8
TheNextBlock,0x5ee4c95b0547afbeba683805301eab291ad28f45
This Token Rocks!,0x65fC35E8e29F63a2eC2838E3D80E4009f05371f8
Token Tycoon: Lucky Wheel,0x8bEa25aA3949A905776B7AF103d18B058235190b
Token Tycoon: Lucky Wheel,0x968815CD73647C3af02a740a2438D6f8219e7534
Token Tycoon: Lucky Wheel,0x48e18ddad6c56062630092ddbd9003704c44acf0
Token Tycoon: Lucky Wheel,0x42b5dbf2da50f43956c527d8d4da1e413f950853
Token Tycoon: Lucky Wheel,0xfb673f08fc82807b4d0e139e794e3b328d63551f
Token Tycoon: Lucky Wheel,0x4916a03bd197604f39802d960625d17530620cd6
TokensWar,0x90b12b97a52451f38090f49bce8bc2962dde4902
TokensWar,0x90b12b97a52451f38090f49bce8bc2962dde4902
Torpedo LAUNCH,0xd41e0800781ea6160b120a75cbda2757a32f149a
Torpedo LAUNCH,0x9a98e1b91302665a9b71bd4409e52bb0ad39731f
TotalGame,0x3521B99f2020fE66213Aa27aFF326118cDEA86A2
TotalGame,0x4D699D3E26B5EFA94C8f1B64fd353Ec4EE132AD3
Tug Of War,0xb9cc7c7a3f7081fe7e48d64ce1df9a21fd00ab13
Tug Of War,0xb9cc7c7a3f7081fe7e48d64ce1df9a21fd00ab13
Turtel Idle Game,0x21732476Ec79BB32373Deaf58D796755664780E6
UnblockMe,0x21fb25ca32e97603d903a89f9c2ee3b4657af665
UnicornGo,0x500bdb15c836cd6562c8624b7441fef6eca5786a
UnicornGo,0x10CC060f6f9B2E5DCDB23F1361E4b368A7DAeC73
UnicornGo,0xb58F5F3AdCBE928EA343c12D047656C59B3c1f2A
UnicornGo,0xcd3673af09e76c74d889aabab68ca0645566a3a1
UnicornGo,0x4db129c33d1a56333deeafbae6ae5c8a1598b926
UnicornGo,0xcbed313fb924589d06a267594722553bc3c7e6bc
UnicornGo,0x6cbd7992d39a106a64807125899b2dfc02a43694
UnicornGo,0xcf0010AF06eDfF540AF798d06e866D95cBDc8488
UnicornGo,0x48Fc077618662A07E15815FB7afbFBF2a7ee560A
UnicornGo,0xb0f0557a50425922da4B5765E14dB794c93E837a
Unicorns vs Dinosaurs,0x035d029839d7cdc1f111dcfb6303d763459a46dc
VIBEHub,0xe8ff5c9c75deb346acac493c463c8950be03dfba
Virtual Lander,0x0EB3A9eF9C2F7C7bc70CE4cA5139C89E1288dA88
Virtual Lander,0xfa1f6b228e02d32710a0d5d31d88903f651edfcf
WallOfChain,0xf9d9702d031407f425a4412682fdc56b07d05262
WallOfChain,0x0a780c376b881048d59a4f5dcceb1f01f1dffbab
War Riders,0xe272fddbd056240149c771f9fd917fa040dceb39
War Riders,0x5caebd3b32e210e85ce3e9d51638b9c445481567
What The Trump,0x283a36d60be403b4be3768143b5a576a48af9ff3
What The Trump,0x283a36d60be403b4be3768143b5a576a48af9ff3
World of Ether,0xe4d983d37061e0bbbafae1f2d429633ad9da22be
World of Ether,0x3b16fce6a0f30081a30cecb362d46a7ecd7cd59e
World of Ether,0x4490f9807965c49a2471bd7b121a80f0b3861e5c
World of Ether,0xec5aafb3e14425fe48aa34e74a0336dc8274c105
World of Ether,0x3febc242b27e0c06be6efd23ae384f3c1391f6e5
World of Ether,0x71339731140fd0aae3c784cc441a3a7f83bb0501
World of Ether,0xae5E58aEd25DD4Ac35318AabA363c0B1F0fC8996
World of Ether,0x9b9106e47de69bbc5ebd1c4fa0e362b061853627
World of Ether,0x2cdb9b949383672fcf4caf885ff6c15e09288279
World of Ether,0xda0acafd17062777782311fbd171243c07fdaa36
WorldCupToken,0x08CdCF9ba0a4b5667F5A59B78B60FbEFb145e64c
Worldopo,0xC0ffE199D4ce397630950aCF85786dE541fe72D0
Worldopo,0xc96eDbc5b6C5825C2B4559c035950B48348E3f42
World-youCollect,0x6b106609bbea6f4c9ace8836aa3fb04c6b586c4e
World-youCollect,0x6b106609bbea6f4c9ace8836aa3fb04c6b586c4e
ZED,0x9ccbae575b54dc4c80629fd5b71d03cef0278902
ZED,0xff488fd296c38a24cccc60b43dd7254810dab64e
麻将币-Mahjongcoin,0x737cd62c2f500e44be1009edd346d6972f25033a
麻将币-Mahjongcoin,0xea1f4d7febc5048bbca863f7e380db4157847092
麻将币-Mahjongcoin,0x7c71a05fca18b4f3881d2d06d87a84f88198e7cf
